ticket_id,customer_id,product_id,created_at,channel,priority,issue_type,sentiment_score,previous_tickets_90d,days_since_purchase,first_response_minutes,issue_text,escalated,resolution_hours,resolution_text
T00001,C0047,P001,2026-05-26T05:57,phone,medium,damaged_delivery,0.319,1,553,50,Package arrived with visible damage and the product casing is cracked.,0,4.7,Collected delivery evidence and arranged replacement or refund according to transit-damage policy.
T00002,C0153,P008,2026-08-14T17:52,chat,urgent,subscription,-1.0,2,116,2,Customer asks to cancel a recurring subscription and stop future renewal charges.,0,3.5,"Confirmed subscription status, cancelled future renewal where eligible, and reviewed refund eligibility for the latest charge."
T00003,C0091,P007,2026-02-11T06:04,web,high,payment_dispute,-0.379,1,261,51,Customer says the charged amount does not match the order total and requests a billing review.,1,42.7,"Reviewed transaction records, confirmed the billing issue, and initiated correction or refund when appropriate."
T00004,C0095,P005,2025-12-25T09:53,web,medium,return_refund,0.555,0,317,47,Customer wants to return the product and asks whether the order is still inside the return window.,0,13.2,"Checked return-window and item-condition requirements, then approved or declined the return with next steps."
T00005,C0141,P004,2025-05-13T22:01,email,medium,subscription,0.444,2,410,86,Customer asks to cancel a recurring subscription and stop future renewal charges.,0,22.1,"Confirmed subscription status, cancelled future renewal where eligible, and reviewed refund eligibility for the latest charge."
T00006,C0129,P011,2025-11-25T12:45,phone,low,technical_issue,-0.965,3,357,157,Product repeatedly disconnects during normal use even after a restart.,0,16.4,"Completed troubleshooting, checked warranty or service eligibility, and escalated unresolved hardware or software faults."
T00007,C0020,P008,2026-06-17T20:05,web,medium,subscription,0.947,2,16,60,Customer asks to cancel a recurring subscription and stop future renewal charges.,0,5.9,"Confirmed subscription status, cancelled future renewal where eligible, and reviewed refund eligibility for the latest charge."
T00008,C0147,P010,2025-08-17T01:42,phone,medium,damaged_delivery,0.476,0,299,82,Package arrived with visible damage and the product casing is cracked.,0,6.3,Collected delivery evidence and arranged replacement or refund according to transit-damage policy.
T00009,C0007,P008,2025-10-08T01:38,email,medium,technical_issue,-0.218,2,151,42,Customer reports an intermittent software issue that basic troubleshooting did not resolve.,0,36.4,"Completed troubleshooting, checked warranty or service eligibility, and escalated unresolved hardware or software faults."
T00010,C0031,P012,2025-09-29T16:32,chat,low,technical_issue,0.073,1,617,22,Product repeatedly disconnects during normal use even after a restart.,0,29.3,"Completed troubleshooting, checked warranty or service eligibility, and escalated unresolved hardware or software faults."
T00011,C0081,P008,2025-09-26T01:14,phone,low,return_refund,-0.747,2,676,69,Customer wants to return the product and asks whether the order is still inside the return window.,1,126.0,"Checked return-window and item-condition requirements, then approved or declined the return with next steps."
T00012,C0074,P006,2026-01-21T14:26,web,medium,subscription,,3,491,67,Customer asks to cancel a recurring subscription and stop future renewal charges.,0,22.8,"Confirmed subscription status, cancelled future renewal where eligible, and reviewed refund eligibility for the latest charge."
T00013,C0093,P006,2025-09-17T08:47,email,medium,damaged_delivery,-1.0,0,581,30,Package arrived with visible damage and the product casing is cracked.,0,12.6,Collected delivery evidence and arranged replacement or refund according to transit-damage policy.
T00014,C0139,P005,2025-05-30T21:44,email,medium,shipping_delay,-0.325,1,564,40,Order has not arrived and tracking has shown no movement for several days.,0,1.9,"Reviewed tracking status and provided replacement, refund, or revised delivery guidance based on delay threshold."
T00015,C0063,P004,2025-11-14T16:02,phone,medium,shipping_delay,0.265,5,341,69,Order has not arrived and tracking has shown no movement for several days.,1,12.1,"Reviewed tracking status and provided replacement, refund, or revised delivery guidance based on delay threshold."
T00016,C0150,P012,2026-02-12T17:58,chat,medium,shipping_delay,0.218,2,242,24,Order has not arrived and tracking has shown no movement for several days.,0,25.7,"Reviewed tracking status and provided replacement, refund, or revised delivery guidance based on delay threshold."
T00017,C0011,P003,2026-01-29T21:24,email,medium,subscription,-0.312,1,230,54,Customer says a subscription renewed unexpectedly and requests cancellation guidance.,1,22.3,"Confirmed subscription status, cancelled future renewal where eligible, and reviewed refund eligibility for the latest charge."
T00018,C0050,P007,2025-11-25T04:17,phone,medium,payment_dispute,0.677,2,546,29,Customer reports a duplicate charge and disputes the second transaction.,0,25.6,"Reviewed transaction records, confirmed the billing issue, and initiated correction or refund when appropriate."
T00019,C0036,P008,2025-05-15T17:36,chat,medium,technical_issue,0.301,1,666,26,Customer reports an intermittent software issue that basic troubleshooting did not resolve.,0,1.7,"Completed troubleshooting, checked warranty or service eligibility, and escalated unresolved hardware or software faults."
T00020,C0009,P008,2025-04-17T01:01,web,high,subscription,0.463,2,699,8,Customer says a subscription renewed unexpectedly and requests cancellation guidance.,1,17.8,"Confirmed subscription status, cancelled future renewal where eligible, and reviewed refund eligibility for the latest charge."
T00021,C0079,P003,2026-04-03T17:09,chat,low,technical_issue,0.241,1,785,20,Product repeatedly disconnects during normal use even after a restart.,0,20.9,"Completed troubleshooting, checked warranty or service eligibility, and escalated unresolved hardware or software faults."
T00022,C0175,P012,2026-02-26T17:30,phone,medium,payment_dispute,-0.275,1,553,82,Customer reports a duplicate charge and disputes the second transaction.,0,4.9,"Reviewed transaction records, confirmed the billing issue, and initiated correction or refund when appropriate."
T00023,C0005,P005,2026-05-31T15:45,phone,medium,damaged_delivery,-0.322,2,852,22,Customer opened the shipment and found physical damage that appears to have happened in transit.,0,4.5,Collected delivery evidence and arranged replacement or refund according to transit-damage policy.
T00024,C0069,P008,2025-09-07T11:24,web,low,damaged_delivery,-0.514,1,888,46,Customer opened the shipment and found physical damage that appears to have happened in transit.,0,8.3,Collected delivery evidence and arranged replacement or refund according to transit-damage policy.
T00025,C0007,P006,2025-04-02T04:29,chat,medium,technical_issue,-0.422,2,244,46,Customer reports an intermittent software issue that basic troubleshooting did not resolve.,1,18.1,"Completed troubleshooting, checked warranty or service eligibility, and escalated unresolved hardware or software faults."
T00026,C0124,P004,2025-09-05T00:19,chat,medium,warranty,-0.837,1,252,54,The device stopped working after 252 days and the customer wants to know whether warranty coverage applies.,1,16.2,"Verified purchase date and warranty eligibility, then arranged repair or replacement based on coverage."
T00027,C0037,P008,2026-04-15T20:00,chat,medium,warranty,-0.522,1,88,74,The device stopped working after 88 days and the customer wants to know whether warranty coverage applies.,1,33.7,"Verified purchase date and warranty eligibility, then arranged repair or replacement based on coverage."
T00028,C0170,P004,2026-04-22T08:04,chat,low,technical_issue,-0.466,1,836,36,Customer reports an intermittent software issue that basic troubleshooting did not resolve.,0,30.9,"Completed troubleshooting, checked warranty or service eligibility, and escalated unresolved hardware or software faults."
T00029,C0028,P012,2025-09-12T00:12,chat,low,payment_dispute,-0.012,1,493,20,Customer reports a duplicate charge and disputes the second transaction.,0,13.4,"Reviewed transaction records, confirmed the billing issue, and initiated correction or refund when appropriate."
T00030,C0168,P002,2026-03-01T07:14,phone,medium,technical_issue,-0.363,1,252,42,Product repeatedly disconnects during normal use even after a restart.,1,17.6,"Completed troubleshooting, checked warranty or service eligibility, and escalated unresolved hardware or software faults."
T00031,C0068,P004,2026-05-27T01:20,email,medium,shipping_delay,0.954,1,91,41,Customer says the delivery is overdue and asks for a replacement shipment or updated ETA.,0,24.0,"Reviewed tracking status and provided replacement, refund, or revised delivery guidance based on delay threshold."
T00032,C0103,P012,2026-02-16T23:49,,low,subscription,0.221,3,215,47,Customer asks to cancel a recurring subscription and stop future renewal charges.,0,11.1,"Confirmed subscription status, cancelled future renewal where eligible, and reviewed refund eligibility for the latest charge."
T00033,C0063,P001,2025-05-25T08:03,email,medium,technical_issue,-0.288,0,683,24,Customer reports an intermittent software issue that basic troubleshooting did not resolve.,1,24.8,"Completed troubleshooting, checked warranty or service eligibility, and escalated unresolved hardware or software faults."
T00034,C0050,P005,2026-07-14T07:32,phone,low,warranty,-0.735,4,295,44,Customer reports a hardware failure after 295 days of ownership and requests repair or replacement.,0,15.6,"Verified purchase date and warranty eligibility, then arranged repair or replacement based on coverage."
T00035,C0129,P010,2026-01-29T03:12,email,urgent,shipping_delay,-1.0,2,249,25,Customer says the delivery is overdue and asks for a replacement shipment or updated ETA.,0,5.7,"Reviewed tracking status and provided replacement, refund, or revised delivery guidance based on delay threshold."
T00036,C0007,P012,2025-01-29T21:06,chat,medium,warranty,0.009,1,373,45,The device stopped working after 373 days and the customer wants to know whether warranty coverage applies.,0,20.9,"Verified purchase date and warranty eligibility, then arranged repair or replacement based on coverage."
T00037,C0085,P004,2025-06-04T16:04,email,low,account_security,1.0,2,868,49,Customer believes someone accessed the account without permission and asks for urgent help.,0,10.7,"Secured the account, revoked active sessions, required credential reset, and escalated suspicious activity when needed."
T00038,C0175,P003,2025-07-31T13:31,chat,medium,return_refund,-0.283,0,736,21,Customer wants to return the product and asks whether the order is still inside the return window.,0,26.6,"Checked return-window and item-condition requirements, then approved or declined the return with next steps."
T00039,C0054,P004,2025-07-13T02:53,chat,,return_refund,-0.692,1,235,20,Customer requests a refund and asks what condition the item must be in for return approval.,0,21.2,"Checked return-window and item-condition requirements, then approved or declined the return with next steps."
T00040,C0106,P010,2026-02-14T10:51,email,low,warranty,-1.0,2,830,13,The device stopped working after 830 days and the customer wants to know whether warranty coverage applies.,1,26.4,"Verified purchase date and warranty eligibility, then arranged repair or replacement based on coverage."
T00041,C0107,P001,2026-07-24T21:19,email,medium,return_refund,,0,719,35,Customer requests a refund and asks what condition the item must be in for return approval.,0,48.1,"Checked return-window and item-condition requirements, then approved or declined the return with next steps."
T00042,C0135,P011,2026-02-22T06:17,chat,medium,shipping_delay,-0.005,0,55,32,Customer says the delivery is overdue and asks for a replacement shipment or updated ETA.,0,9.1,"Reviewed tracking status and provided replacement, refund, or revised delivery guidance based on delay threshold."
T00043,C0053,P008,2025-09-15T23:46,phone,medium,technical_issue,-0.351,1,640,90,Product repeatedly disconnects during normal use even after a restart.,0,6.8,"Completed troubleshooting, checked warranty or service eligibility, and escalated unresolved hardware or software faults."
T00044,C0126,P001,2025-03-01T13:20,email,high,return_refund,-0.049,4,457,144,Customer wants to return the product and asks whether the order is still inside the return window.,1,35.9,"Checked return-window and item-condition requirements, then approved or declined the return with next steps."
T00045,C0127,P009,2025-06-25T04:39,phone,low,damaged_delivery,-0.122,1,248,10,Package arrived with visible damage and the product casing is cracked.,0,20.0,Collected delivery evidence and arranged replacement or refund according to transit-damage policy.
T00046,C0175,P008,2026-06-08T10:28,web,high,warranty,-0.67,2,39,49,The device stopped working after 39 days and the customer wants to know whether warranty coverage applies.,1,52.4,"Verified purchase date and warranty eligibility, then arranged repair or replacement based on coverage."
T00047,C0149,P001,2025-04-15T02:25,email,medium,shipping_delay,0.163,0,247,27,Customer says the delivery is overdue and asks for a replacement shipment or updated ETA.,0,5.4,"Reviewed tracking status and provided replacement, refund, or revised delivery guidance based on delay threshold."
T00048,C0138,P004,2025-04-04T09:02,chat,medium,technical_issue,0.937,2,237,47,Product repeatedly disconnects during normal use even after a restart.,0,18.4,"Completed troubleshooting, checked warranty or service eligibility, and escalated unresolved hardware or software faults."
T00049,C0101,P007,2026-03-11T00:02,web,low,warranty,0.528,1,8,20,The device stopped working after 8 days and the customer wants to know whether warranty coverage applies.,0,11.1,"Verified purchase date and warranty eligibility, then arranged repair or replacement based on coverage."
T00050,C0012,P009,2026-06-18T23:44,phone,medium,account_security,-0.371,1,211,68,Customer reports an unfamiliar login and wants the account secured immediately.,1,61.7,"Secured the account, revoked active sessions, required credential reset, and escalated suspicious activity when needed."
T00051,C0166,P009,2025-07-03T18:22,phone,medium,shipping_delay,1.0,2,626,56,Customer says the delivery is overdue and asks for a replacement shipment or updated ETA.,0,36.2,"Reviewed tracking status and provided replacement, refund, or revised delivery guidance based on delay threshold."
T00052,C0046,P012,2025-06-27T18:17,phone,low,damaged_delivery,-0.118,0,763,68,Customer opened the shipment and found physical damage that appears to have happened in transit.,0,25.1,Collected delivery evidence and arranged replacement or refund according to transit-damage policy.
T00053,C0152,P005,2025-03-16T09:22,email,medium,warranty,-0.633,1,454,60,Customer reports a hardware failure after 454 days of ownership and requests repair or replacement.,0,16.3,"Verified purchase date and warranty eligibility, then arranged repair or replacement based on coverage."
T00054,C0100,P007,2026-07-06T11:41,email,medium,shipping_delay,0.764,3,500,81,Customer says the delivery is overdue and asks for a replacement shipment or updated ETA.,1,12.0,"Reviewed tracking status and provided replacement, refund, or revised delivery guidance based on delay threshold."
T00055,C0018,P003,2026-02-20T20:18,phone,low,subscription,-0.295,1,50,31,Customer asks to cancel a recurring subscription and stop future renewal charges.,0,3.3,"Confirmed subscription status, cancelled future renewal where eligible, and reviewed refund eligibility for the latest charge."
T00056,C0114,P003,2025-01-04T04:51,chat,high,return_refund,0.518,2,861,18,Customer requests a refund and asks what condition the item must be in for return approval.,0,9.9,"Checked return-window and item-condition requirements, then approved or declined the return with next steps."
T00057,C0137,P008,2025-12-30T18:39,chat,high,return_refund,0.055,2,23,29,Customer requests a refund and asks what condition the item must be in for return approval.,1,16.5,"Checked return-window and item-condition requirements, then approved or declined the return with next steps."
T00058,C0019,P003,2026-03-13T10:42,email,high,return_refund,0.646,1,200,5,Customer wants to return the product and asks whether the order is still inside the return window.,0,37.8,"Checked return-window and item-condition requirements, then approved or declined the return with next steps."
T00059,C0068,P003,2025-07-22T00:53,email,urgent,shipping_delay,-0.109,1,204,32,Customer says the delivery is overdue and asks for a replacement shipment or updated ETA.,1,10.9,"Reviewed tracking status and provided replacement, refund, or revised delivery guidance based on delay threshold."
T00060,C0147,P012,2026-03-25T19:40,email,medium,technical_issue,-0.634,0,831,28,Product repeatedly disconnects during normal use even after a restart.,0,24.0,"Completed troubleshooting, checked warranty or service eligibility, and escalated unresolved hardware or software faults."
T00061,C0153,P001,2025-09-09T20:55,chat,urgent,technical_issue,-0.326,1,614,12,Product repeatedly disconnects during normal use even after a restart.,1,22.6,"Completed troubleshooting, checked warranty or service eligibility, and escalated unresolved hardware or software faults."
T00062,C0022,P012,2026-08-01T21:55,phone,medium,damaged_delivery,0.264,2,194,17,Package arrived with visible damage and the product casing is cracked.,0,1.7,Collected delivery evidence and arranged replacement or refund according to transit-damage policy.
T00063,C0095,P001,2025-11-02T07:35,web,medium,technical_issue,0.02,1,726,94,Product repeatedly disconnects during normal use even after a restart.,0,16.7,"Completed troubleshooting, checked warranty or service eligibility, and escalated unresolved hardware or software faults."
T00064,C0092,P006,2025-11-26T16:37,,medium,shipping_delay,0.5,3,156,46,Customer says the delivery is overdue and asks for a replacement shipment or updated ETA.,1,35.9,"Reviewed tracking status and provided replacement, refund, or revised delivery guidance based on delay threshold."
T00065,C0021,P009,2025-03-01T11:00,,medium,account_security,-0.269,0,653,42,Customer believes someone accessed the account without permission and asks for urgent help.,0,14.3,"Secured the account, revoked active sessions, required credential reset, and escalated suspicious activity when needed."
T00066,C0118,P002,2026-03-10T04:40,chat,high,return_refund,-0.218,1,558,28,Customer requests a refund and asks what condition the item must be in for return approval.,1,16.4,"Checked return-window and item-condition requirements, then approved or declined the return with next steps."
T00067,C0154,P010,2025-09-02T22:28,email,medium,technical_issue,0.475,1,333,52,Product repeatedly disconnects during normal use even after a restart.,0,24.3,"Completed troubleshooting, checked warranty or service eligibility, and escalated unresolved hardware or software faults."
T00068,C0170,P002,2025-11-13T11:49,phone,medium,return_refund,0.175,2,130,28,Customer requests a refund and asks what condition the item must be in for return approval.,0,25.1,"Checked return-window and item-condition requirements, then approved or declined the return with next steps."
T00069,C0165,P011,2025-12-03T08:17,chat,urgent,technical_issue,0.825,2,642,150,Product repeatedly disconnects during normal use even after a restart.,1,65.3,"Completed troubleshooting, checked warranty or service eligibility, and escalated unresolved hardware or software faults."
T00070,C0062,P009,2026-03-04T17:11,phone,medium,payment_dispute,0.596,1,469,49,Customer reports a duplicate charge and disputes the second transaction.,0,27.6,"Reviewed transaction records, confirmed the billing issue, and initiated correction or refund when appropriate."
T00071,C0167,P010,2025-09-29T21:51,chat,high,return_refund,1.0,2,61,5,Customer wants to return the product and asks whether the order is still inside the return window.,0,9.1,"Checked return-window and item-condition requirements, then approved or declined the return with next steps."
T00072,C0167,P011,2026-03-20T13:47,chat,medium,damaged_delivery,-0.646,1,355,68,Customer opened the shipment and found physical damage that appears to have happened in transit.,0,10.4,Collected delivery evidence and arranged replacement or refund according to transit-damage policy.
T00073,C0041,P007,2026-05-28T06:33,email,high,payment_dispute,0.812,1,524,34,Customer says the charged amount does not match the order total and requests a billing review.,0,36.2,"Reviewed transaction records, confirmed the billing issue, and initiated correction or refund when appropriate."
T00074,C0028,P006,2026-04-26T19:40,chat,,technical_issue,-0.097,2,460,32,Customer reports an intermittent software issue that basic troubleshooting did not resolve.,1,15.8,"Completed troubleshooting, checked warranty or service eligibility, and escalated unresolved hardware or software faults."
T00075,C0132,P010,2025-04-13T13:24,email,medium,return_refund,-0.186,0,317,15,Customer wants to return the product and asks whether the order is still inside the return window.,0,15.9,"Checked return-window and item-condition requirements, then approved or declined the return with next steps."
T00076,C0116,P004,2026-02-05T09:50,web,low,technical_issue,-0.623,2,453,10,Product repeatedly disconnects during normal use even after a restart.,1,27.8,"Completed troubleshooting, checked warranty or service eligibility, and escalated unresolved hardware or software faults."
T00077,C0162,P001,2025-04-19T01:22,phone,medium,shipping_delay,0.69,1,719,55,Customer says the delivery is overdue and asks for a replacement shipment or updated ETA.,0,19.5,"Reviewed tracking status and provided replacement, refund, or revised delivery guidance based on delay threshold."
T00078,C0096,P011,2026-07-22T05:24,web,medium,subscription,-0.022,1,325,12,Customer asks to cancel a recurring subscription and stop future renewal charges.,0,13.5,"Confirmed subscription status, cancelled future renewal where eligible, and reviewed refund eligibility for the latest charge."
T00079,C0092,P009,2025-07-09T00:38,email,,return_refund,0.116,1,529,45,Customer requests a refund and asks what condition the item must be in for return approval.,0,18.8,"Checked return-window and item-condition requirements, then approved or declined the return with next steps."
T00080,C0014,P004,2025-03-02T06:14,email,low,technical_issue,-0.141,2,719,77,Customer reports an intermittent software issue that basic troubleshooting did not resolve.,1,29.0,"Completed troubleshooting, checked warranty or service eligibility, and escalated unresolved hardware or software faults."
T00081,C0138,P009,2026-03-20T05:22,phone,medium,return_refund,-0.598,2,413,26,Customer requests a refund and asks what condition the item must be in for return approval.,0,10.3,"Checked return-window and item-condition requirements, then approved or declined the return with next steps."
T00082,C0178,P005,2025-06-16T05:52,web,low,payment_dispute,0.256,0,898,83,Customer reports a duplicate charge and disputes the second transaction.,0,9.7,"Reviewed transaction records, confirmed the billing issue, and initiated correction or refund when appropriate."
T00083,C0038,P009,2025-12-25T06:06,web,low,warranty,-0.99,0,690,49,Customer reports a hardware failure after 690 days of ownership and requests repair or replacement.,0,25.6,"Verified purchase date and warranty eligibility, then arranged repair or replacement based on coverage."
T00084,C0079,P012,2026-06-01T10:49,email,medium,payment_dispute,-0.482,1,665,74,Customer reports a duplicate charge and disputes the second transaction.,0,11.7,"Reviewed transaction records, confirmed the billing issue, and initiated correction or refund when appropriate."
T00085,C0095,P005,2025-05-06T08:53,chat,high,warranty,0.156,1,682,51,The device stopped working after 682 days and the customer wants to know whether warranty coverage applies.,1,25.6,"Verified purchase date and warranty eligibility, then arranged repair or replacement based on coverage."
T00086,C0106,P004,2026-08-11T09:56,chat,high,shipping_delay,-0.532,3,733,58,Customer says the delivery is overdue and asks for a replacement shipment or updated ETA.,1,20.8,"Reviewed tracking status and provided replacement, refund, or revised delivery guidance based on delay threshold."
T00087,C0118,P007,2025-05-30T22:07,email,low,technical_issue,0.849,1,390,29,Customer reports an intermittent software issue that basic troubleshooting did not resolve.,0,9.2,"Completed troubleshooting, checked warranty or service eligibility, and escalated unresolved hardware or software faults."
T00088,C0022,P003,2025-10-23T22:35,chat,medium,account_security,,1,85,39,Customer believes someone accessed the account without permission and asks for urgent help.,1,79.5,"Secured the account, revoked active sessions, required credential reset, and escalated suspicious activity when needed."
T00089,C0098,P012,2025-08-19T10:29,email,urgent,warranty,0.434,1,112,85,Customer reports a hardware failure after 112 days of ownership and requests repair or replacement.,1,22.4,"Verified purchase date and warranty eligibility, then arranged repair or replacement based on coverage."
T00090,C0168,P005,2025-07-18T03:43,phone,high,account_security,-0.412,2,830,94,Customer reports an unfamiliar login and wants the account secured immediately.,1,24.3,"Secured the account, revoked active sessions, required credential reset, and escalated suspicious activity when needed."
T00091,C0109,P001,2025-12-23T13:51,,high,return_refund,-0.531,1,463,40,Customer wants to return the product and asks whether the order is still inside the return window.,0,2.2,"Checked return-window and item-condition requirements, then approved or declined the return with next steps."
T00092,C0038,P011,2026-02-03T06:48,email,urgent,warranty,-0.827,1,220,71,Customer reports a hardware failure after 220 days of ownership and requests repair or replacement.,1,54.1,"Verified purchase date and warranty eligibility, then arranged repair or replacement based on coverage."
T00093,C0017,P010,2025-01-08T07:48,email,urgent,damaged_delivery,-0.283,1,472,22,Package arrived with visible damage and the product casing is cracked.,0,4.8,Collected delivery evidence and arranged replacement or refund according to transit-damage policy.
T00094,C0045,P012,2025-06-03T11:15,phone,medium,shipping_delay,-0.874,0,489,40,Order has not arrived and tracking has shown no movement for several days.,0,14.3,"Reviewed tracking status and provided replacement, refund, or revised delivery guidance based on delay threshold."
T00095,C0123,P009,2025-03-01T17:14,chat,high,return_refund,-1.0,0,669,16,Customer wants to return the product and asks whether the order is still inside the return window.,1,14.0,"Checked return-window and item-condition requirements, then approved or declined the return with next steps."
T00096,C0110,P008,2025-03-21T05:02,phone,medium,subscription,0.34,2,711,84,Customer asks to cancel a recurring subscription and stop future renewal charges.,0,7.5,"Confirmed subscription status, cancelled future renewal where eligible, and reviewed refund eligibility for the latest charge."
T00097,C0013,P002,2026-03-27T06:11,web,medium,subscription,0.803,0,682,45,Customer asks to cancel a recurring subscription and stop future renewal charges.,0,19.1,"Confirmed subscription status, cancelled future renewal where eligible, and reviewed refund eligibility for the latest charge."
T00098,C0053,P003,2025-04-16T07:32,phone,medium,shipping_delay,-0.28,2,83,44,Customer says the delivery is overdue and asks for a replacement shipment or updated ETA.,1,8.1,"Reviewed tracking status and provided replacement, refund, or revised delivery guidance based on delay threshold."
T00099,C0069,P001,2025-04-21T13:50,web,medium,shipping_delay,0.675,2,272,24,Order has not arrived and tracking has shown no movement for several days.,0,17.8,"Reviewed tracking status and provided replacement, refund, or revised delivery guidance based on delay threshold."
T00100,C0115,P003,2026-05-10T15:33,email,urgent,return_refund,1.0,1,415,11,Customer requests a refund and asks what condition the item must be in for return approval.,0,35.3,"Checked return-window and item-condition requirements, then approved or declined the return with next steps."
T00101,C0091,P004,2025-09-03T15:37,phone,medium,return_refund,0.795,2,822,68,Customer requests a refund and asks what condition the item must be in for return approval.,0,32.0,"Checked return-window and item-condition requirements, then approved or declined the return with next steps."
T00102,C0033,P002,2025-05-24T05:19,email,medium,technical_issue,-1.0,1,782,29,Customer reports an intermittent software issue that basic troubleshooting did not resolve.,1,27.8,"Completed troubleshooting, checked warranty or service eligibility, and escalated unresolved hardware or software faults."
T00103,C0084,P006,2025-02-20T07:42,phone,urgent,account_security,-1.0,2,239,25,Customer believes someone accessed the account without permission and asks for urgent help.,1,7.3,"Secured the account, revoked active sessions, required credential reset, and escalated suspicious activity when needed."
T00104,C0071,P004,2025-01-15T22:30,chat,medium,return_refund,0.096,0,577,36,Customer wants to return the product and asks whether the order is still inside the return window.,0,13.4,"Checked return-window and item-condition requirements, then approved or declined the return with next steps."
T00105,C0028,P002,2025-07-19T19:15,phone,medium,return_refund,-0.305,0,826,75,Customer wants to return the product and asks whether the order is still inside the return window.,0,6.5,"Checked return-window and item-condition requirements, then approved or declined the return with next steps."
T00106,C0060,P009,2025-06-14T17:18,email,high,payment_dispute,-0.47,0,849,165,Customer says the charged amount does not match the order total and requests a billing review.,0,11.3,"Reviewed transaction records, confirmed the billing issue, and initiated correction or refund when appropriate."
T00107,C0108,P003,2025-04-21T08:04,email,low,technical_issue,0.372,3,267,12,Customer reports an intermittent software issue that basic troubleshooting did not resolve.,0,9.7,"Completed troubleshooting, checked warranty or service eligibility, and escalated unresolved hardware or software faults."
T00108,C0001,P011,2025-02-02T17:09,chat,medium,technical_issue,-0.739,1,52,22,Product repeatedly disconnects during normal use even after a restart.,0,7.3,"Completed troubleshooting, checked warranty or service eligibility, and escalated unresolved hardware or software faults."
T00109,C0054,P012,2026-06-05T17:42,email,high,return_refund,0.225,1,115,40,Customer requests a refund and asks what condition the item must be in for return approval.,1,28.0,"Checked return-window and item-condition requirements, then approved or declined the return with next steps."
T00110,C0066,P001,2025-12-12T06:55,chat,high,warranty,0.329,0,52,34,Customer reports a hardware failure after 52 days of ownership and requests repair or replacement.,1,8.2,"Verified purchase date and warranty eligibility, then arranged repair or replacement based on coverage."
T00111,C0047,P007,2025-01-03T05:36,chat,low,warranty,0.206,5,78,14,The device stopped working after 78 days and the customer wants to know whether warranty coverage applies.,1,51.8,"Verified purchase date and warranty eligibility, then arranged repair or replacement based on coverage."
T00112,C0012,P009,2025-02-14T07:56,phone,medium,subscription,-0.225,0,132,68,Customer says a subscription renewed unexpectedly and requests cancellation guidance.,0,42.7,"Confirmed subscription status, cancelled future renewal where eligible, and reviewed refund eligibility for the latest charge."
T00113,C0177,P009,2025-11-07T08:47,email,medium,damaged_delivery,-0.435,1,119,37,Package arrived with visible damage and the product casing is cracked.,1,37.6,Collected delivery evidence and arranged replacement or refund according to transit-damage policy.
T00114,C0018,P008,2026-06-14T13:20,chat,urgent,account_security,-0.605,0,808,74,Customer believes someone accessed the account without permission and asks for urgent help.,1,43.4,"Secured the account, revoked active sessions, required credential reset, and escalated suspicious activity when needed."
T00115,C0075,P004,2025-07-05T06:34,email,low,payment_dispute,-0.643,0,729,11,Customer reports a duplicate charge and disputes the second transaction.,1,14.0,"Reviewed transaction records, confirmed the billing issue, and initiated correction or refund when appropriate."
T00116,C0102,P001,2026-07-17T23:01,chat,high,damaged_delivery,-0.749,0,206,33,Package arrived with visible damage and the product casing is cracked.,0,10.1,Collected delivery evidence and arranged replacement or refund according to transit-damage policy.
T00117,C0075,P007,2025-06-15T02:27,chat,,shipping_delay,-0.289,0,31,40,Customer says the delivery is overdue and asks for a replacement shipment or updated ETA.,0,23.0,"Reviewed tracking status and provided replacement, refund, or revised delivery guidance based on delay threshold."
T00118,C0017,P006,2026-06-02T11:30,phone,medium,return_refund,1.0,3,318,23,Customer wants to return the product and asks whether the order is still inside the return window.,1,24.3,"Checked return-window and item-condition requirements, then approved or declined the return with next steps."
T00119,C0061,P001,2026-07-15T19:20,email,low,warranty,0.73,0,105,80,The device stopped working after 105 days and the customer wants to know whether warranty coverage applies.,0,26.2,"Verified purchase date and warranty eligibility, then arranged repair or replacement based on coverage."
T00120,C0169,P002,2026-07-14T09:45,email,low,shipping_delay,0.167,3,77,37,Customer says the delivery is overdue and asks for a replacement shipment or updated ETA.,0,27.1,"Reviewed tracking status and provided replacement, refund, or revised delivery guidance based on delay threshold."
T00121,C0015,P003,2025-11-09T04:30,phone,medium,shipping_delay,-0.286,1,812,51,Order has not arrived and tracking has shown no movement for several days.,0,13.7,"Reviewed tracking status and provided replacement, refund, or revised delivery guidance based on delay threshold."
T00122,C0062,P002,2026-06-21T00:55,phone,,subscription,,0,531,4,Customer asks to cancel a recurring subscription and stop future renewal charges.,0,10.3,"Confirmed subscription status, cancelled future renewal where eligible, and reviewed refund eligibility for the latest charge."
T00123,C0032,P009,2025-07-18T14:04,web,medium,shipping_delay,0.455,1,620,47,Customer says the delivery is overdue and asks for a replacement shipment or updated ETA.,0,20.9,"Reviewed tracking status and provided replacement, refund, or revised delivery guidance based on delay threshold."
T00124,C0125,P001,2025-03-25T20:47,web,medium,account_security,-0.017,3,147,54,Customer believes someone accessed the account without permission and asks for urgent help.,0,5.9,"Secured the account, revoked active sessions, required credential reset, and escalated suspicious activity when needed."
T00125,C0095,P006,2026-03-21T20:42,web,low,shipping_delay,0.498,1,223,8,Order has not arrived and tracking has shown no movement for several days.,0,16.0,"Reviewed tracking status and provided replacement, refund, or revised delivery guidance based on delay threshold."
T00126,C0167,P006,2026-06-10T12:08,email,high,technical_issue,-0.471,1,471,28,Product repeatedly disconnects during normal use even after a restart.,1,20.4,"Completed troubleshooting, checked warranty or service eligibility, and escalated unresolved hardware or software faults."
T00127,C0112,P003,2026-01-31T02:38,phone,high,return_refund,0.32,2,246,56,Customer requests a refund and asks what condition the item must be in for return approval.,1,26.7,"Checked return-window and item-condition requirements, then approved or declined the return with next steps."
T00128,C0073,P009,2025-09-23T07:44,chat,urgent,account_security,-0.442,1,506,3,Customer believes someone accessed the account without permission and asks for urgent help.,1,11.5,"Secured the account, revoked active sessions, required credential reset, and escalated suspicious activity when needed."
T00129,C0019,P011,2025-12-02T15:21,,high,shipping_delay,-0.031,2,731,60,Order has not arrived and tracking has shown no movement for several days.,1,11.1,"Reviewed tracking status and provided replacement, refund, or revised delivery guidance based on delay threshold."
T00130,C0001,P001,2025-02-12T14:52,chat,high,payment_dispute,-0.14,2,712,15,Customer reports a duplicate charge and disputes the second transaction.,1,13.0,"Reviewed transaction records, confirmed the billing issue, and initiated correction or refund when appropriate."
T00131,C0085,P005,2026-05-18T21:41,chat,medium,account_security,-1.0,4,73,111,Customer reports an unfamiliar login and wants the account secured immediately.,1,24.7,"Secured the account, revoked active sessions, required credential reset, and escalated suspicious activity when needed."
T00132,C0102,P005,2026-08-05T13:41,phone,high,subscription,-0.064,2,117,35,Customer asks to cancel a recurring subscription and stop future renewal charges.,1,10.9,"Confirmed subscription status, cancelled future renewal where eligible, and reviewed refund eligibility for the latest charge."
T00133,C0111,P009,2025-11-23T19:26,chat,urgent,shipping_delay,,5,64,126,Order has not arrived and tracking has shown no movement for several days.,1,26.3,"Reviewed tracking status and provided replacement, refund, or revised delivery guidance based on delay threshold."
T00134,C0138,P009,2026-08-11T00:23,chat,high,damaged_delivery,0.438,0,98,63,Customer opened the shipment and found physical damage that appears to have happened in transit.,0,23.3,Collected delivery evidence and arranged replacement or refund according to transit-damage policy.
T00135,C0147,P002,2025-07-18T15:40,chat,high,shipping_delay,0.325,1,124,135,Order has not arrived and tracking has shown no movement for several days.,0,2.0,"Reviewed tracking status and provided replacement, refund, or revised delivery guidance based on delay threshold."
T00136,C0085,P004,2025-11-10T17:03,web,medium,account_security,0.203,3,310,26,Customer reports an unfamiliar login and wants the account secured immediately.,0,27.2,"Secured the account, revoked active sessions, required credential reset, and escalated suspicious activity when needed."
T00137,C0003,P006,2025-07-04T21:20,email,medium,subscription,-0.051,0,210,46,Customer asks to cancel a recurring subscription and stop future renewal charges.,0,13.7,"Confirmed subscription status, cancelled future renewal where eligible, and reviewed refund eligibility for the latest charge."
T00138,C0081,P001,2025-03-10T11:37,email,medium,subscription,0.627,2,689,53,Customer says a subscription renewed unexpectedly and requests cancellation guidance.,0,5.7,"Confirmed subscription status, cancelled future renewal where eligible, and reviewed refund eligibility for the latest charge."
T00139,C0048,P001,2025-03-20T00:06,email,high,technical_issue,-0.171,2,238,21,Product repeatedly disconnects during normal use even after a restart.,1,19.9,"Completed troubleshooting, checked warranty or service eligibility, and escalated unresolved hardware or software faults."
T00140,C0091,P004,2025-07-31T03:50,web,medium,return_refund,-0.947,3,203,11,Customer requests a refund and asks what condition the item must be in for return approval.,1,19.6,"Checked return-window and item-condition requirements, then approved or declined the return with next steps."
T00141,C0073,P009,2025-03-05T18:05,email,high,account_security,0.122,1,183,57,Customer believes someone accessed the account without permission and asks for urgent help.,0,4.9,"Secured the account, revoked active sessions, required credential reset, and escalated suspicious activity when needed."
T00142,C0174,P004,2025-09-21T01:14,email,medium,account_security,0.125,1,724,12,Customer reports an unfamiliar login and wants the account secured immediately.,0,34.5,"Secured the account, revoked active sessions, required credential reset, and escalated suspicious activity when needed."
T00143,C0170,P003,2025-04-06T21:20,phone,,shipping_delay,0.299,0,452,23,Order has not arrived and tracking has shown no movement for several days.,0,18.1,"Reviewed tracking status and provided replacement, refund, or revised delivery guidance based on delay threshold."
T00144,C0076,P005,2026-05-23T14:39,chat,medium,payment_dispute,-0.057,2,217,19,Customer says the charged amount does not match the order total and requests a billing review.,1,24.5,"Reviewed transaction records, confirmed the billing issue, and initiated correction or refund when appropriate."
T00145,C0054,P004,2025-04-21T18:15,chat,high,warranty,,1,82,10,Customer reports a hardware failure after 82 days of ownership and requests repair or replacement.,1,26.8,"Verified purchase date and warranty eligibility, then arranged repair or replacement based on coverage."
T00146,C0018,P008,2025-10-18T00:35,email,high,account_security,0.255,1,83,42,Customer believes someone accessed the account without permission and asks for urgent help.,1,45.8,"Secured the account, revoked active sessions, required credential reset, and escalated suspicious activity when needed."
T00147,C0015,P002,2026-03-15T09:51,chat,high,shipping_delay,-0.445,6,343,22,Customer says the delivery is overdue and asks for a replacement shipment or updated ETA.,0,12.4,"Reviewed tracking status and provided replacement, refund, or revised delivery guidance based on delay threshold."
T00148,C0145,P009,2026-02-01T13:53,chat,urgent,subscription,-0.956,4,737,94,Customer says a subscription renewed unexpectedly and requests cancellation guidance.,1,63.8,"Confirmed subscription status, cancelled future renewal where eligible, and reviewed refund eligibility for the latest charge."
T00149,C0117,P003,2026-03-07T04:53,chat,high,damaged_delivery,,0,101,51,Package arrived with visible damage and the product casing is cracked.,0,17.8,Collected delivery evidence and arranged replacement or refund according to transit-damage policy.
T00150,C0046,P002,2025-04-01T23:42,chat,medium,payment_dispute,-0.025,2,676,129,Customer reports a duplicate charge and disputes the second transaction.,1,39.0,"Reviewed transaction records, confirmed the billing issue, and initiated correction or refund when appropriate."
T00151,C0041,P005,2026-02-27T14:50,,medium,return_refund,-0.347,4,450,5,Customer wants to return the product and asks whether the order is still inside the return window.,0,32.6,"Checked return-window and item-condition requirements, then approved or declined the return with next steps."
T00152,C0015,P005,2025-01-09T05:19,chat,urgent,technical_issue,-0.128,1,472,32,Product repeatedly disconnects during normal use even after a restart.,1,38.7,"Completed troubleshooting, checked warranty or service eligibility, and escalated unresolved hardware or software faults."
T00153,C0089,P010,2025-04-17T06:33,chat,medium,payment_dispute,-0.056,1,456,47,Customer says the charged amount does not match the order total and requests a billing review.,1,41.2,"Reviewed transaction records, confirmed the billing issue, and initiated correction or refund when appropriate."
T00154,C0004,P011,2025-02-17T06:42,email,low,account_security,0.248,1,124,195,Customer reports an unfamiliar login and wants the account secured immediately.,0,14.9,"Secured the account, revoked active sessions, required credential reset, and escalated suspicious activity when needed."
T00155,C0099,P009,2025-09-06T13:34,email,medium,account_security,-0.973,3,706,21,Customer reports an unfamiliar login and wants the account secured immediately.,1,20.4,"Secured the account, revoked active sessions, required credential reset, and escalated suspicious activity when needed."
T00156,C0085,P005,2025-02-13T06:47,email,medium,return_refund,-0.209,2,614,48,Customer wants to return the product and asks whether the order is still inside the return window.,0,13.5,"Checked return-window and item-condition requirements, then approved or declined the return with next steps."
T00157,C0069,P010,2026-02-10T00:11,chat,high,payment_dispute,-0.342,1,798,17,Customer reports a duplicate charge and disputes the second transaction.,0,13.4,"Reviewed transaction records, confirmed the billing issue, and initiated correction or refund when appropriate."
T00158,C0062,P002,2025-04-04T22:52,chat,low,damaged_delivery,,2,334,26,Package arrived with visible damage and the product casing is cracked.,1,18.9,Collected delivery evidence and arranged replacement or refund according to transit-damage policy.
T00159,C0052,P012,2025-03-27T20:13,chat,urgent,warranty,-0.68,1,461,48,The device stopped working after 461 days and the customer wants to know whether warranty coverage applies.,1,1.0,"Verified purchase date and warranty eligibility, then arranged repair or replacement based on coverage."
T00160,C0120,P011,2025-10-31T16:02,chat,low,damaged_delivery,-0.268,2,121,37,Package arrived with visible damage and the product casing is cracked.,0,38.1,Collected delivery evidence and arranged replacement or refund according to transit-damage policy.
T00161,C0147,P011,2026-02-01T18:33,chat,medium,shipping_delay,-0.281,1,349,16,Order has not arrived and tracking has shown no movement for several days.,0,12.3,"Reviewed tracking status and provided replacement, refund, or revised delivery guidance based on delay threshold."
T00162,C0078,P003,2026-02-26T00:51,email,low,subscription,-0.275,2,483,41,Customer asks to cancel a recurring subscription and stop future renewal charges.,0,13.2,"Confirmed subscription status, cancelled future renewal where eligible, and reviewed refund eligibility for the latest charge."
T00163,C0065,P001,2026-06-14T07:43,web,medium,damaged_delivery,-0.845,0,192,39,Customer opened the shipment and found physical damage that appears to have happened in transit.,1,33.8,Collected delivery evidence and arranged replacement or refund according to transit-damage policy.
T00164,C0038,P010,2025-02-05T09:30,email,medium,warranty,-0.701,1,643,39,The device stopped working after 643 days and the customer wants to know whether warranty coverage applies.,1,17.2,"Verified purchase date and warranty eligibility, then arranged repair or replacement based on coverage."
T00165,C0077,P006,2025-11-10T17:12,phone,medium,damaged_delivery,0.076,1,891,87,Package arrived with visible damage and the product casing is cracked.,1,26.5,Collected delivery evidence and arranged replacement or refund according to transit-damage policy.
T00166,C0036,P005,2025-09-18T05:16,email,medium,payment_dispute,-0.877,1,79,23,Customer says the charged amount does not match the order total and requests a billing review.,0,22.1,"Reviewed transaction records, confirmed the billing issue, and initiated correction or refund when appropriate."
T00167,C0044,P001,2026-03-06T06:25,email,medium,warranty,-0.977,0,581,161,Customer reports a hardware failure after 581 days of ownership and requests repair or replacement.,0,4.2,"Verified purchase date and warranty eligibility, then arranged repair or replacement based on coverage."
T00168,C0065,P005,2025-09-12T13:33,email,medium,return_refund,0.117,1,146,39,Customer wants to return the product and asks whether the order is still inside the return window.,0,24.3,"Checked return-window and item-condition requirements, then approved or declined the return with next steps."
T00169,C0177,P003,2026-06-28T09:21,web,high,shipping_delay,,3,583,42,Order has not arrived and tracking has shown no movement for several days.,1,12.5,"Reviewed tracking status and provided replacement, refund, or revised delivery guidance based on delay threshold."
T00170,C0092,P007,2026-02-08T22:11,web,medium,subscription,-0.13,0,341,36,Customer says a subscription renewed unexpectedly and requests cancellation guidance.,0,14.4,"Confirmed subscription status, cancelled future renewal where eligible, and reviewed refund eligibility for the latest charge."
T00171,C0033,P009,2026-04-26T11:39,email,medium,account_security,0.62,3,382,23,Customer reports an unfamiliar login and wants the account secured immediately.,0,3.2,"Secured the account, revoked active sessions, required credential reset, and escalated suspicious activity when needed."
T00172,C0175,P009,2026-08-23T04:11,chat,medium,technical_issue,0.072,1,625,31,Customer reports an intermittent software issue that basic troubleshooting did not resolve.,1,7.2,"Completed troubleshooting, checked warranty or service eligibility, and escalated unresolved hardware or software faults."
T00173,C0031,P005,2026-01-06T03:40,email,high,shipping_delay,-0.599,2,21,76,Customer says the delivery is overdue and asks for a replacement shipment or updated ETA.,1,14.9,"Reviewed tracking status and provided replacement, refund, or revised delivery guidance based on delay threshold."
T00174,C0014,P003,2025-09-21T13:26,web,medium,return_refund,0.686,2,291,50,Customer wants to return the product and asks whether the order is still inside the return window.,0,22.8,"Checked return-window and item-condition requirements, then approved or declined the return with next steps."
T00175,C0089,P007,2025-12-20T08:30,chat,high,shipping_delay,-0.277,2,781,16,Order has not arrived and tracking has shown no movement for several days.,1,39.6,"Reviewed tracking status and provided replacement, refund, or revised delivery guidance based on delay threshold."
T00176,C0156,P006,2025-03-26T12:14,,medium,damaged_delivery,,4,896,34,Package arrived with visible damage and the product casing is cracked.,0,3.7,Collected delivery evidence and arranged replacement or refund according to transit-damage policy.
T00177,C0115,P005,2025-01-19T02:22,chat,low,account_security,-0.066,1,54,50,Customer believes someone accessed the account without permission and asks for urgent help.,0,10.4,"Secured the account, revoked active sessions, required credential reset, and escalated suspicious activity when needed."
T00178,C0125,P009,2026-02-04T12:34,email,high,warranty,0.485,1,523,19,Customer reports a hardware failure after 523 days of ownership and requests repair or replacement.,1,23.7,"Verified purchase date and warranty eligibility, then arranged repair or replacement based on coverage."
T00179,C0179,P005,2026-04-19T03:05,email,medium,account_security,-0.769,2,643,69,Customer believes someone accessed the account without permission and asks for urgent help.,0,10.5,"Secured the account, revoked active sessions, required credential reset, and escalated suspicious activity when needed."
T00180,C0101,P011,2026-07-03T03:12,web,urgent,payment_dispute,0.315,0,629,13,Customer says the charged amount does not match the order total and requests a billing review.,1,4.4,"Reviewed transaction records, confirmed the billing issue, and initiated correction or refund when appropriate."
T00181,C0163,P004,2025-03-03T16:22,email,low,account_security,-0.006,0,805,2,Customer believes someone accessed the account without permission and asks for urgent help.,0,36.2,"Secured the account, revoked active sessions, required credential reset, and escalated suspicious activity when needed."
T00182,C0037,P009,2025-06-06T02:43,phone,medium,payment_dispute,-0.545,1,56,21,Customer reports a duplicate charge and disputes the second transaction.,0,23.4,"Reviewed transaction records, confirmed the billing issue, and initiated correction or refund when appropriate."
T00183,C0085,P003,2025-12-28T21:18,phone,medium,warranty,-0.267,1,642,36,The device stopped working after 642 days and the customer wants to know whether warranty coverage applies.,0,8.6,"Verified purchase date and warranty eligibility, then arranged repair or replacement based on coverage."
T00184,C0032,P009,2025-10-04T12:12,phone,medium,damaged_delivery,1.0,3,61,35,Package arrived with visible damage and the product casing is cracked.,0,10.3,Collected delivery evidence and arranged replacement or refund according to transit-damage policy.
T00185,C0050,P005,2025-01-19T13:27,phone,medium,damaged_delivery,0.099,1,758,56,Customer opened the shipment and found physical damage that appears to have happened in transit.,0,11.9,Collected delivery evidence and arranged replacement or refund according to transit-damage policy.
T00186,C0084,P012,2025-02-25T05:04,email,medium,account_security,0.484,5,617,49,Customer believes someone accessed the account without permission and asks for urgent help.,1,13.2,"Secured the account, revoked active sessions, required credential reset, and escalated suspicious activity when needed."
T00187,C0176,P005,2026-06-30T23:56,chat,low,return_refund,0.111,0,813,76,Customer wants to return the product and asks whether the order is still inside the return window.,0,21.2,"Checked return-window and item-condition requirements, then approved or declined the return with next steps."
T00188,C0039,P007,2025-05-31T17:07,chat,medium,payment_dispute,-1.0,2,728,95,Customer reports a duplicate charge and disputes the second transaction.,0,14.2,"Reviewed transaction records, confirmed the billing issue, and initiated correction or refund when appropriate."
T00189,C0139,P012,2026-01-07T10:39,chat,medium,return_refund,0.205,2,400,113,Customer wants to return the product and asks whether the order is still inside the return window.,0,39.4,"Checked return-window and item-condition requirements, then approved or declined the return with next steps."
T00190,C0169,P009,2026-01-24T22:33,email,medium,damaged_delivery,0.118,3,53,96,Package arrived with visible damage and the product casing is cracked.,1,38.7,Collected delivery evidence and arranged replacement or refund according to transit-damage policy.
T00191,C0144,P007,2025-04-20T23:59,phone,low,subscription,-0.567,5,501,27,Customer says a subscription renewed unexpectedly and requests cancellation guidance.,0,27.3,"Confirmed subscription status, cancelled future renewal where eligible, and reviewed refund eligibility for the latest charge."
T00192,C0013,P009,2025-08-20T11:24,chat,medium,account_security,0.515,1,219,26,Customer reports an unfamiliar login and wants the account secured immediately.,0,18.1,"Secured the account, revoked active sessions, required credential reset, and escalated suspicious activity when needed."
T00193,C0016,P002,2026-06-22T05:25,web,low,return_refund,0.914,0,653,28,Customer requests a refund and asks what condition the item must be in for return approval.,0,35.0,"Checked return-window and item-condition requirements, then approved or declined the return with next steps."
T00194,C0005,P007,2025-03-15T18:14,phone,high,damaged_delivery,-0.493,0,273,27,Package arrived with visible damage and the product casing is cracked.,0,6.8,Collected delivery evidence and arranged replacement or refund according to transit-damage policy.
T00195,C0061,P002,2025-06-13T18:33,chat,high,subscription,0.823,0,537,23,Customer says a subscription renewed unexpectedly and requests cancellation guidance.,0,14.1,"Confirmed subscription status, cancelled future renewal where eligible, and reviewed refund eligibility for the latest charge."
T00196,C0085,P008,2025-06-23T00:03,chat,low,subscription,-0.079,2,48,59,Customer says a subscription renewed unexpectedly and requests cancellation guidance.,0,6.3,"Confirmed subscription status, cancelled future renewal where eligible, and reviewed refund eligibility for the latest charge."
T00197,C0046,P005,2025-07-04T19:18,email,low,damaged_delivery,-0.613,0,865,6,Package arrived with visible damage and the product casing is cracked.,0,4.9,Collected delivery evidence and arranged replacement or refund according to transit-damage policy.
T00198,C0163,P004,2026-06-27T10:59,web,low,shipping_delay,-0.359,2,267,26,Order has not arrived and tracking has shown no movement for several days.,0,18.3,"Reviewed tracking status and provided replacement, refund, or revised delivery guidance based on delay threshold."
T00199,C0109,P008,2025-12-17T07:24,email,medium,return_refund,-0.731,0,605,69,Customer requests a refund and asks what condition the item must be in for return approval.,0,9.9,"Checked return-window and item-condition requirements, then approved or declined the return with next steps."
T00200,C0009,P011,2025-01-12T15:32,phone,medium,damaged_delivery,-1.0,2,137,8,Package arrived with visible damage and the product casing is cracked.,1,9.3,Collected delivery evidence and arranged replacement or refund according to transit-damage policy.
T00201,C0077,P012,2026-06-03T14:47,web,medium,payment_dispute,-0.36,0,359,21,Customer reports a duplicate charge and disputes the second transaction.,0,10.5,"Reviewed transaction records, confirmed the billing issue, and initiated correction or refund when appropriate."
T00202,C0051,P003,2025-05-12T20:32,,medium,warranty,0.605,1,896,40,The device stopped working after 896 days and the customer wants to know whether warranty coverage applies.,0,5.9,"Verified purchase date and warranty eligibility, then arranged repair or replacement based on coverage."
T00203,C0083,P005,2025-11-06T20:37,phone,medium,payment_dispute,-0.145,1,700,97,Customer reports a duplicate charge and disputes the second transaction.,1,42.6,"Reviewed transaction records, confirmed the billing issue, and initiated correction or refund when appropriate."
T00204,C0158,P012,2026-08-04T16:21,chat,,warranty,0.102,3,221,64,The device stopped working after 221 days and the customer wants to know whether warranty coverage applies.,1,7.0,"Verified purchase date and warranty eligibility, then arranged repair or replacement based on coverage."
T00205,C0091,P007,2025-01-18T09:55,phone,high,warranty,0.108,1,169,16,The device stopped working after 169 days and the customer wants to know whether warranty coverage applies.,0,1.4,"Verified purchase date and warranty eligibility, then arranged repair or replacement based on coverage."
T00206,C0179,P006,2025-04-03T17:54,email,high,warranty,-0.089,1,256,11,Customer reports a hardware failure after 256 days of ownership and requests repair or replacement.,0,21.4,"Verified purchase date and warranty eligibility, then arranged repair or replacement based on coverage."
T00207,C0002,P004,2025-11-29T22:07,email,low,subscription,0.11,1,570,38,Customer says a subscription renewed unexpectedly and requests cancellation guidance.,0,58.8,"Confirmed subscription status, cancelled future renewal where eligible, and reviewed refund eligibility for the latest charge."
T00208,C0104,P004,2025-11-22T18:27,chat,medium,warranty,-0.473,4,739,52,Customer reports a hardware failure after 739 days of ownership and requests repair or replacement.,1,26.6,"Verified purchase date and warranty eligibility, then arranged repair or replacement based on coverage."
T00209,C0175,P009,2025-07-18T00:18,email,medium,damaged_delivery,0.868,1,824,26,Package arrived with visible damage and the product casing is cracked.,0,16.8,Collected delivery evidence and arranged replacement or refund according to transit-damage policy.
T00210,C0072,P012,2025-02-14T16:12,chat,low,damaged_delivery,-0.486,1,771,59,Customer opened the shipment and found physical damage that appears to have happened in transit.,0,12.4,Collected delivery evidence and arranged replacement or refund according to transit-damage policy.
T00211,C0116,P007,2026-01-09T06:39,email,urgent,damaged_delivery,-0.188,1,571,48,Package arrived with visible damage and the product casing is cracked.,1,26.9,Collected delivery evidence and arranged replacement or refund according to transit-damage policy.
T00212,C0153,P007,2026-08-11T05:18,web,low,return_refund,0.687,1,244,38,Customer wants to return the product and asks whether the order is still inside the return window.,0,6.5,"Checked return-window and item-condition requirements, then approved or declined the return with next steps."
T00213,C0125,P012,2025-03-16T15:55,phone,medium,damaged_delivery,-1.0,2,613,43,Customer opened the shipment and found physical damage that appears to have happened in transit.,0,27.6,Collected delivery evidence and arranged replacement or refund according to transit-damage policy.
T00214,C0076,P010,2025-08-24T20:59,phone,low,payment_dispute,0.098,2,824,60,Customer reports a duplicate charge and disputes the second transaction.,1,32.0,"Reviewed transaction records, confirmed the billing issue, and initiated correction or refund when appropriate."
T00215,C0123,P002,2026-04-02T08:09,phone,low,warranty,0.253,2,308,11,Customer reports a hardware failure after 308 days of ownership and requests repair or replacement.,0,19.3,"Verified purchase date and warranty eligibility, then arranged repair or replacement based on coverage."
T00216,C0133,P001,2025-09-09T09:36,chat,high,damaged_delivery,0.319,1,424,30,Customer opened the shipment and found physical damage that appears to have happened in transit.,0,20.2,Collected delivery evidence and arranged replacement or refund according to transit-damage policy.
T00217,C0159,P005,2025-07-27T11:17,chat,medium,warranty,0.75,1,67,70,Customer reports a hardware failure after 67 days of ownership and requests repair or replacement.,0,17.9,"Verified purchase date and warranty eligibility, then arranged repair or replacement based on coverage."
T00218,C0143,P006,2026-08-03T14:41,chat,low,account_security,0.207,1,531,14,Customer believes someone accessed the account without permission and asks for urgent help.,1,27.4,"Secured the account, revoked active sessions, required credential reset, and escalated suspicious activity when needed."
T00219,C0029,P004,2025-03-20T07:00,email,medium,technical_issue,-1.0,3,313,121,Customer reports an intermittent software issue that basic troubleshooting did not resolve.,1,16.4,"Completed troubleshooting, checked warranty or service eligibility, and escalated unresolved hardware or software faults."
T00220,C0115,P007,2025-05-30T12:42,web,high,return_refund,-0.593,0,399,26,Customer requests a refund and asks what condition the item must be in for return approval.,0,37.2,"Checked return-window and item-condition requirements, then approved or declined the return with next steps."
T00221,C0059,P007,2026-01-31T02:02,chat,urgent,account_security,-0.132,1,484,52,Customer reports an unfamiliar login and wants the account secured immediately.,1,28.3,"Secured the account, revoked active sessions, required credential reset, and escalated suspicious activity when needed."
T00222,C0103,P012,2026-04-08T15:43,phone,medium,warranty,-0.993,0,6,90,The device stopped working after 6 days and the customer wants to know whether warranty coverage applies.,0,44.4,"Verified purchase date and warranty eligibility, then arranged repair or replacement based on coverage."
T00223,C0064,P002,2026-07-28T12:03,chat,medium,return_refund,-0.017,0,838,17,Customer requests a refund and asks what condition the item must be in for return approval.,0,39.2,"Checked return-window and item-condition requirements, then approved or declined the return with next steps."
T00224,C0057,P002,2025-10-02T10:28,chat,medium,warranty,-0.806,2,188,47,The device stopped working after 188 days and the customer wants to know whether warranty coverage applies.,0,12.9,"Verified purchase date and warranty eligibility, then arranged repair or replacement based on coverage."
T00225,C0006,P001,2026-02-03T09:00,web,medium,damaged_delivery,0.336,2,426,29,Package arrived with visible damage and the product casing is cracked.,0,20.8,Collected delivery evidence and arranged replacement or refund according to transit-damage policy.
T00226,C0127,P003,2025-08-30T00:15,chat,high,shipping_delay,,2,534,17,Order has not arrived and tracking has shown no movement for several days.,1,19.2,"Reviewed tracking status and provided replacement, refund, or revised delivery guidance based on delay threshold."
T00227,C0050,P005,2026-04-11T00:50,chat,,shipping_delay,-0.28,0,673,28,Customer says the delivery is overdue and asks for a replacement shipment or updated ETA.,0,7.3,"Reviewed tracking status and provided replacement, refund, or revised delivery guidance based on delay threshold."
T00228,C0037,P009,2026-07-16T18:36,chat,medium,warranty,,1,567,12,The device stopped working after 567 days and the customer wants to know whether warranty coverage applies.,0,2.5,"Verified purchase date and warranty eligibility, then arranged repair or replacement based on coverage."
T00229,C0063,P006,2026-02-13T07:42,web,high,damaged_delivery,-0.435,2,517,48,Package arrived with visible damage and the product casing is cracked.,1,56.2,Collected delivery evidence and arranged replacement or refund according to transit-damage policy.
T00230,C0070,P002,2025-10-11T10:36,web,high,warranty,0.01,2,761,63,Customer reports a hardware failure after 761 days of ownership and requests repair or replacement.,1,7.7,"Verified purchase date and warranty eligibility, then arranged repair or replacement based on coverage."
T00231,C0129,P010,2026-02-14T10:55,phone,medium,payment_dispute,0.072,4,225,64,Customer reports a duplicate charge and disputes the second transaction.,1,54.1,"Reviewed transaction records, confirmed the billing issue, and initiated correction or refund when appropriate."
T00232,C0040,P005,2026-03-14T06:37,phone,urgent,return_refund,-0.334,1,674,74,Customer wants to return the product and asks whether the order is still inside the return window.,0,4.2,"Checked return-window and item-condition requirements, then approved or declined the return with next steps."
T00233,C0066,P004,2026-01-14T15:30,email,medium,subscription,-0.313,0,436,123,Customer asks to cancel a recurring subscription and stop future renewal charges.,0,21.2,"Confirmed subscription status, cancelled future renewal where eligible, and reviewed refund eligibility for the latest charge."
T00234,C0028,P003,2025-06-20T17:48,email,medium,technical_issue,0.317,4,536,14,Product repeatedly disconnects during normal use even after a restart.,1,5.4,"Completed troubleshooting, checked warranty or service eligibility, and escalated unresolved hardware or software faults."
T00235,C0015,P005,2025-05-22T08:13,email,low,return_refund,0.003,1,190,71,Customer wants to return the product and asks whether the order is still inside the return window.,0,7.7,"Checked return-window and item-condition requirements, then approved or declined the return with next steps."
T00236,C0002,P003,2026-04-06T19:29,email,medium,technical_issue,-0.229,1,286,32,Product repeatedly disconnects during normal use even after a restart.,0,21.5,"Completed troubleshooting, checked warranty or service eligibility, and escalated unresolved hardware or software faults."
T00237,C0036,P004,2025-01-05T08:13,chat,medium,return_refund,-0.283,0,409,11,Customer wants to return the product and asks whether the order is still inside the return window.,0,5.7,"Checked return-window and item-condition requirements, then approved or declined the return with next steps."
T00238,C0154,P012,2026-07-18T01:03,email,,return_refund,-0.398,1,318,29,Customer requests a refund and asks what condition the item must be in for return approval.,0,38.7,"Checked return-window and item-condition requirements, then approved or declined the return with next steps."
T00239,C0111,P007,2025-10-31T18:49,chat,,damaged_delivery,-0.558,0,771,48,Package arrived with visible damage and the product casing is cracked.,0,14.4,Collected delivery evidence and arranged replacement or refund according to transit-damage policy.
T00240,C0088,P010,2026-05-26T20:26,email,medium,shipping_delay,,0,391,50,Order has not arrived and tracking has shown no movement for several days.,1,55.9,"Reviewed tracking status and provided replacement, refund, or revised delivery guidance based on delay threshold."
T00241,C0102,P011,2025-05-28T03:37,chat,medium,subscription,-0.286,1,379,85,Customer asks to cancel a recurring subscription and stop future renewal charges.,0,36.7,"Confirmed subscription status, cancelled future renewal where eligible, and reviewed refund eligibility for the latest charge."
T00242,C0180,P006,2025-11-01T01:19,chat,high,warranty,-0.312,2,503,50,The device stopped working after 503 days and the customer wants to know whether warranty coverage applies.,1,20.7,"Verified purchase date and warranty eligibility, then arranged repair or replacement based on coverage."
T00243,C0177,P008,2025-07-26T05:29,chat,medium,shipping_delay,-0.114,0,372,6,Customer says the delivery is overdue and asks for a replacement shipment or updated ETA.,0,49.4,"Reviewed tracking status and provided replacement, refund, or revised delivery guidance based on delay threshold."
T00244,C0082,P011,2026-05-30T22:23,chat,medium,damaged_delivery,0.245,0,645,42,Customer opened the shipment and found physical damage that appears to have happened in transit.,0,5.3,Collected delivery evidence and arranged replacement or refund according to transit-damage policy.
T00245,C0004,P010,2025-12-04T19:39,email,medium,shipping_delay,-1.0,4,209,7,Customer says the delivery is overdue and asks for a replacement shipment or updated ETA.,1,6.6,"Reviewed tracking status and provided replacement, refund, or revised delivery guidance based on delay threshold."
T00246,C0054,P007,2025-01-15T22:14,email,low,subscription,-0.958,2,459,29,Customer asks to cancel a recurring subscription and stop future renewal charges.,0,14.7,"Confirmed subscription status, cancelled future renewal where eligible, and reviewed refund eligibility for the latest charge."
T00247,C0020,P006,2026-07-05T12:11,chat,medium,account_security,0.029,1,702,66,Customer believes someone accessed the account without permission and asks for urgent help.,1,6.9,"Secured the account, revoked active sessions, required credential reset, and escalated suspicious activity when needed."
T00248,C0176,P007,2026-03-23T22:18,email,medium,warranty,-0.381,2,50,15,The device stopped working after 50 days and the customer wants to know whether warranty coverage applies.,1,22.3,"Verified purchase date and warranty eligibility, then arranged repair or replacement based on coverage."
T00249,C0177,P006,2025-10-01T01:52,phone,low,damaged_delivery,-0.129,1,278,14,Customer opened the shipment and found physical damage that appears to have happened in transit.,0,7.1,Collected delivery evidence and arranged replacement or refund according to transit-damage policy.
T00250,C0055,P007,2026-03-22T04:11,phone,low,subscription,-0.655,3,330,21,Customer says a subscription renewed unexpectedly and requests cancellation guidance.,1,25.1,"Confirmed subscription status, cancelled future renewal where eligible, and reviewed refund eligibility for the latest charge."
T00251,C0100,P005,2025-11-15T10:49,web,high,warranty,0.341,1,656,71,The device stopped working after 656 days and the customer wants to know whether warranty coverage applies.,0,31.5,"Verified purchase date and warranty eligibility, then arranged repair or replacement based on coverage."
T00252,C0162,P002,2026-02-21T04:07,web,medium,payment_dispute,-0.079,1,876,16,Customer says the charged amount does not match the order total and requests a billing review.,1,27.4,"Reviewed transaction records, confirmed the billing issue, and initiated correction or refund when appropriate."
T00253,C0028,P001,2025-08-14T14:36,email,medium,warranty,-0.89,3,219,79,Customer reports a hardware failure after 219 days of ownership and requests repair or replacement.,1,11.3,"Verified purchase date and warranty eligibility, then arranged repair or replacement based on coverage."
T00254,C0007,P006,2025-02-24T05:39,chat,low,payment_dispute,-0.08,0,432,31,Customer says the charged amount does not match the order total and requests a billing review.,0,12.2,"Reviewed transaction records, confirmed the billing issue, and initiated correction or refund when appropriate."
T00255,C0131,P003,2025-06-25T02:37,email,medium,warranty,0.342,0,875,10,The device stopped working after 875 days and the customer wants to know whether warranty coverage applies.,0,13.3,"Verified purchase date and warranty eligibility, then arranged repair or replacement based on coverage."
T00256,C0056,P009,2026-05-11T10:14,chat,low,payment_dispute,,4,739,53,Customer reports a duplicate charge and disputes the second transaction.,1,35.5,"Reviewed transaction records, confirmed the billing issue, and initiated correction or refund when appropriate."
T00257,C0047,P001,2026-03-30T22:00,web,high,shipping_delay,-0.038,5,886,18,Customer says the delivery is overdue and asks for a replacement shipment or updated ETA.,0,20.1,"Reviewed tracking status and provided replacement, refund, or revised delivery guidance based on delay threshold."
T00258,C0104,P003,2025-10-29T14:36,chat,low,damaged_delivery,,1,341,76,Package arrived with visible damage and the product casing is cracked.,0,23.3,Collected delivery evidence and arranged replacement or refund according to transit-damage policy.
T00259,C0051,P012,2025-07-21T03:55,email,medium,damaged_delivery,1.0,2,476,208,Package arrived with visible damage and the product casing is cracked.,0,16.7,Collected delivery evidence and arranged replacement or refund according to transit-damage policy.
T00260,C0003,P012,2025-02-17T22:01,email,medium,return_refund,-0.041,0,312,96,Customer wants to return the product and asks whether the order is still inside the return window.,0,14.9,"Checked return-window and item-condition requirements, then approved or declined the return with next steps."
T00261,C0063,P002,2026-04-05T06:17,phone,medium,damaged_delivery,-0.615,1,526,28,Customer opened the shipment and found physical damage that appears to have happened in transit.,1,33.4,Collected delivery evidence and arranged replacement or refund according to transit-damage policy.
T00262,C0134,P004,2025-08-15T01:39,phone,medium,shipping_delay,-0.531,2,746,93,Order has not arrived and tracking has shown no movement for several days.,0,27.8,"Reviewed tracking status and provided replacement, refund, or revised delivery guidance based on delay threshold."
T00263,C0096,P008,2025-08-07T06:53,web,high,return_refund,0.377,1,586,18,Customer requests a refund and asks what condition the item must be in for return approval.,0,7.7,"Checked return-window and item-condition requirements, then approved or declined the return with next steps."
T00264,C0148,P003,2025-10-22T23:55,phone,high,subscription,0.48,0,385,78,Customer asks to cancel a recurring subscription and stop future renewal charges.,1,12.1,"Confirmed subscription status, cancelled future renewal where eligible, and reviewed refund eligibility for the latest charge."
T00265,C0030,P003,2025-05-23T01:19,chat,medium,subscription,-0.791,1,245,71,Customer asks to cancel a recurring subscription and stop future renewal charges.,1,37.0,"Confirmed subscription status, cancelled future renewal where eligible, and reviewed refund eligibility for the latest charge."
T00266,C0141,P010,2025-08-13T16:30,chat,medium,payment_dispute,-0.514,1,880,22,Customer says the charged amount does not match the order total and requests a billing review.,1,27.9,"Reviewed transaction records, confirmed the billing issue, and initiated correction or refund when appropriate."
T00267,C0071,P009,2025-07-18T14:14,chat,low,shipping_delay,-0.647,2,618,117,Customer says the delivery is overdue and asks for a replacement shipment or updated ETA.,0,6.6,"Reviewed tracking status and provided replacement, refund, or revised delivery guidance based on delay threshold."
T00268,C0034,P012,2025-01-15T08:34,phone,high,payment_dispute,-0.123,5,346,42,Customer reports a duplicate charge and disputes the second transaction.,1,61.0,"Reviewed transaction records, confirmed the billing issue, and initiated correction or refund when appropriate."
T00269,C0086,P003,2026-05-11T09:40,email,low,technical_issue,-0.115,4,219,19,Customer reports an intermittent software issue that basic troubleshooting did not resolve.,0,39.5,"Completed troubleshooting, checked warranty or service eligibility, and escalated unresolved hardware or software faults."
T00270,C0064,P012,2025-03-22T01:31,phone,low,account_security,0.119,0,838,15,Customer believes someone accessed the account without permission and asks for urgent help.,0,25.9,"Secured the account, revoked active sessions, required credential reset, and escalated suspicious activity when needed."
T00271,C0026,P010,2026-07-21T18:52,web,medium,damaged_delivery,,1,544,38,Package arrived with visible damage and the product casing is cracked.,0,17.5,Collected delivery evidence and arranged replacement or refund according to transit-damage policy.
T00272,C0038,P010,2026-01-11T09:53,web,medium,warranty,-1.0,3,24,30,Customer reports a hardware failure after 24 days of ownership and requests repair or replacement.,0,47.7,"Verified purchase date and warranty eligibility, then arranged repair or replacement based on coverage."
T00273,C0064,P004,2025-04-13T15:14,chat,medium,technical_issue,0.069,0,764,38,Product repeatedly disconnects during normal use even after a restart.,1,62.3,"Completed troubleshooting, checked warranty or service eligibility, and escalated unresolved hardware or software faults."
T00274,C0092,P011,2025-08-03T02:38,chat,low,return_refund,-0.468,1,707,31,Customer wants to return the product and asks whether the order is still inside the return window.,0,11.5,"Checked return-window and item-condition requirements, then approved or declined the return with next steps."
T00275,C0052,P003,2025-04-29T03:09,web,high,payment_dispute,0.058,1,124,6,Customer says the charged amount does not match the order total and requests a billing review.,0,11.1,"Reviewed transaction records, confirmed the billing issue, and initiated correction or refund when appropriate."
T00276,C0172,P005,2025-02-25T23:05,web,medium,shipping_delay,-0.972,0,677,66,Order has not arrived and tracking has shown no movement for several days.,0,9.2,"Reviewed tracking status and provided replacement, refund, or revised delivery guidance based on delay threshold."
T00277,C0128,P008,2025-07-30T14:49,email,medium,return_refund,-0.242,0,298,37,Customer wants to return the product and asks whether the order is still inside the return window.,0,8.5,"Checked return-window and item-condition requirements, then approved or declined the return with next steps."
T00278,C0032,P004,2026-01-05T15:53,chat,low,shipping_delay,0.073,1,836,24,Order has not arrived and tracking has shown no movement for several days.,0,17.9,"Reviewed tracking status and provided replacement, refund, or revised delivery guidance based on delay threshold."
T00279,C0063,P011,2025-07-14T22:52,chat,low,shipping_delay,,4,535,15,Customer says the delivery is overdue and asks for a replacement shipment or updated ETA.,0,21.1,"Reviewed tracking status and provided replacement, refund, or revised delivery guidance based on delay threshold."
T00280,C0130,P005,2025-04-19T13:47,chat,medium,subscription,-0.189,3,384,50,Customer says a subscription renewed unexpectedly and requests cancellation guidance.,0,11.2,"Confirmed subscription status, cancelled future renewal where eligible, and reviewed refund eligibility for the latest charge."
T00281,C0078,P007,2026-03-03T18:49,chat,medium,warranty,-0.585,1,407,39,The device stopped working after 407 days and the customer wants to know whether warranty coverage applies.,0,24.6,"Verified purchase date and warranty eligibility, then arranged repair or replacement based on coverage."
T00282,C0052,P012,2026-06-12T14:35,email,medium,payment_dispute,-0.24,1,62,50,Customer says the charged amount does not match the order total and requests a billing review.,0,21.4,"Reviewed transaction records, confirmed the billing issue, and initiated correction or refund when appropriate."
T00283,C0176,P006,2025-01-29T04:20,email,low,warranty,-0.508,1,441,52,The device stopped working after 441 days and the customer wants to know whether warranty coverage applies.,1,25.7,"Verified purchase date and warranty eligibility, then arranged repair or replacement based on coverage."
T00284,C0102,P010,2025-04-24T08:38,phone,medium,warranty,-0.322,2,522,60,Customer reports a hardware failure after 522 days of ownership and requests repair or replacement.,1,45.4,"Verified purchase date and warranty eligibility, then arranged repair or replacement based on coverage."
T00285,C0134,P006,2025-06-04T14:22,chat,medium,warranty,,1,853,13,Customer reports a hardware failure after 853 days of ownership and requests repair or replacement.,0,1.3,"Verified purchase date and warranty eligibility, then arranged repair or replacement based on coverage."
T00286,C0161,P003,2026-06-02T04:09,phone,low,technical_issue,-0.762,3,464,63,Customer reports an intermittent software issue that basic troubleshooting did not resolve.,0,21.0,"Completed troubleshooting, checked warranty or service eligibility, and escalated unresolved hardware or software faults."
T00287,C0019,P011,2025-03-16T14:01,phone,low,account_security,-0.419,2,158,20,Customer reports an unfamiliar login and wants the account secured immediately.,0,33.7,"Secured the account, revoked active sessions, required credential reset, and escalated suspicious activity when needed."
T00288,C0163,P008,2026-01-08T14:47,email,high,payment_dispute,-0.96,0,483,51,Customer reports a duplicate charge and disputes the second transaction.,0,6.9,"Reviewed transaction records, confirmed the billing issue, and initiated correction or refund when appropriate."
T00289,C0093,P010,2025-02-11T16:08,email,low,technical_issue,-0.404,1,278,40,Customer reports an intermittent software issue that basic troubleshooting did not resolve.,0,26.6,"Completed troubleshooting, checked warranty or service eligibility, and escalated unresolved hardware or software faults."
T00290,C0160,P002,2025-10-21T22:51,chat,,technical_issue,0.059,0,248,60,Customer reports an intermittent software issue that basic troubleshooting did not resolve.,0,13.2,"Completed troubleshooting, checked warranty or service eligibility, and escalated unresolved hardware or software faults."
T00291,C0156,P010,2026-07-27T09:50,email,high,technical_issue,0.407,0,841,28,Product repeatedly disconnects during normal use even after a restart.,0,13.1,"Completed troubleshooting, checked warranty or service eligibility, and escalated unresolved hardware or software faults."
T00292,C0175,P004,2026-02-13T01:55,phone,medium,damaged_delivery,-1.0,0,548,62,Package arrived with visible damage and the product casing is cracked.,0,1.8,Collected delivery evidence and arranged replacement or refund according to transit-damage policy.
T00293,C0147,P010,2025-01-23T16:34,email,medium,technical_issue,0.145,0,328,5,Customer reports an intermittent software issue that basic troubleshooting did not resolve.,0,1.8,"Completed troubleshooting, checked warranty or service eligibility, and escalated unresolved hardware or software faults."
T00294,C0128,P002,2025-04-13T02:44,chat,high,technical_issue,-0.887,3,664,39,Product repeatedly disconnects during normal use even after a restart.,1,33.4,"Completed troubleshooting, checked warranty or service eligibility, and escalated unresolved hardware or software faults."
T00295,C0161,P005,2026-03-29T19:34,email,high,return_refund,0.075,4,304,25,Customer requests a refund and asks what condition the item must be in for return approval.,1,33.5,"Checked return-window and item-condition requirements, then approved or declined the return with next steps."
T00296,C0093,P006,2025-09-30T08:47,phone,medium,shipping_delay,-0.581,2,182,18,Order has not arrived and tracking has shown no movement for several days.,1,19.3,"Reviewed tracking status and provided replacement, refund, or revised delivery guidance based on delay threshold."
T00297,C0160,P004,2026-06-09T21:16,chat,medium,shipping_delay,-0.318,0,818,59,Customer says the delivery is overdue and asks for a replacement shipment or updated ETA.,0,6.0,"Reviewed tracking status and provided replacement, refund, or revised delivery guidance based on delay threshold."
T00298,C0093,P002,2026-07-31T18:50,phone,urgent,technical_issue,0.377,0,416,9,Customer reports an intermittent software issue that basic troubleshooting did not resolve.,0,14.0,"Completed troubleshooting, checked warranty or service eligibility, and escalated unresolved hardware or software faults."
T00299,C0152,P007,2026-01-23T16:39,email,medium,account_security,-0.091,1,259,82,Customer reports an unfamiliar login and wants the account secured immediately.,0,1.4,"Secured the account, revoked active sessions, required credential reset, and escalated suspicious activity when needed."
T00300,C0133,P008,2025-03-08T11:28,email,low,shipping_delay,0.149,0,573,65,Order has not arrived and tracking has shown no movement for several days.,0,21.3,"Reviewed tracking status and provided replacement, refund, or revised delivery guidance based on delay threshold."
T00301,C0090,P010,2026-05-21T23:03,phone,medium,technical_issue,-0.505,1,667,18,Product repeatedly disconnects during normal use even after a restart.,0,6.9,"Completed troubleshooting, checked warranty or service eligibility, and escalated unresolved hardware or software faults."
T00302,C0016,P004,2026-02-26T03:19,email,medium,technical_issue,-0.428,1,105,109,Product repeatedly disconnects during normal use even after a restart.,0,15.8,"Completed troubleshooting, checked warranty or service eligibility, and escalated unresolved hardware or software faults."
T00303,C0139,P002,2025-12-23T15:30,phone,low,technical_issue,0.075,1,502,9,Product repeatedly disconnects during normal use even after a restart.,0,9.3,"Completed troubleshooting, checked warranty or service eligibility, and escalated unresolved hardware or software faults."
T00304,C0144,P010,2025-03-10T23:49,email,low,account_security,0.656,2,272,51,Customer believes someone accessed the account without permission and asks for urgent help.,1,21.0,"Secured the account, revoked active sessions, required credential reset, and escalated suspicious activity when needed."
T00305,C0103,P005,2026-05-05T21:24,chat,high,return_refund,0.286,1,338,24,Customer wants to return the product and asks whether the order is still inside the return window.,0,45.3,"Checked return-window and item-condition requirements, then approved or declined the return with next steps."
T00306,C0007,P003,2025-09-10T16:02,phone,low,payment_dispute,0.05,2,410,43,Customer says the charged amount does not match the order total and requests a billing review.,1,3.7,"Reviewed transaction records, confirmed the billing issue, and initiated correction or refund when appropriate."
T00307,C0041,P003,2025-11-18T11:24,phone,medium,subscription,-0.71,2,664,20,Customer asks to cancel a recurring subscription and stop future renewal charges.,0,3.7,"Confirmed subscription status, cancelled future renewal where eligible, and reviewed refund eligibility for the latest charge."
T00308,C0180,P011,2025-08-31T09:04,web,high,account_security,0.303,2,451,79,Customer reports an unfamiliar login and wants the account secured immediately.,0,3.6,"Secured the account, revoked active sessions, required credential reset, and escalated suspicious activity when needed."
T00309,C0177,P007,2025-12-08T13:19,web,medium,shipping_delay,0.623,3,536,7,Customer says the delivery is overdue and asks for a replacement shipment or updated ETA.,1,60.2,"Reviewed tracking status and provided replacement, refund, or revised delivery guidance based on delay threshold."
T00310,C0029,P005,2026-03-08T01:24,web,low,return_refund,,0,684,22,Customer requests a refund and asks what condition the item must be in for return approval.,0,30.4,"Checked return-window and item-condition requirements, then approved or declined the return with next steps."
T00311,C0132,P002,2025-03-12T13:37,email,high,technical_issue,0.754,0,654,68,Product repeatedly disconnects during normal use even after a restart.,0,14.4,"Completed troubleshooting, checked warranty or service eligibility, and escalated unresolved hardware or software faults."
T00312,C0167,P009,2026-05-12T09:25,web,medium,payment_dispute,-0.072,3,198,32,Customer says the charged amount does not match the order total and requests a billing review.,1,12.2,"Reviewed transaction records, confirmed the billing issue, and initiated correction or refund when appropriate."
T00313,C0139,P003,2025-04-03T22:11,email,low,warranty,-0.184,4,254,184,The device stopped working after 254 days and the customer wants to know whether warranty coverage applies.,1,8.1,"Verified purchase date and warranty eligibility, then arranged repair or replacement based on coverage."
T00314,C0073,P005,2026-06-18T01:38,email,low,warranty,0.191,3,826,65,The device stopped working after 826 days and the customer wants to know whether warranty coverage applies.,0,21.7,"Verified purchase date and warranty eligibility, then arranged repair or replacement based on coverage."
T00315,C0124,P010,2025-03-11T01:13,chat,medium,payment_dispute,-1.0,1,46,62,Customer reports a duplicate charge and disputes the second transaction.,0,8.5,"Reviewed transaction records, confirmed the billing issue, and initiated correction or refund when appropriate."
T00316,C0111,P005,2025-01-26T08:49,chat,medium,account_security,-0.897,4,126,19,Customer believes someone accessed the account without permission and asks for urgent help.,1,27.8,"Secured the account, revoked active sessions, required credential reset, and escalated suspicious activity when needed."
T00317,C0014,P010,2025-02-03T12:00,email,low,shipping_delay,0.618,0,207,10,Customer says the delivery is overdue and asks for a replacement shipment or updated ETA.,0,36.8,"Reviewed tracking status and provided replacement, refund, or revised delivery guidance based on delay threshold."
T00318,C0066,P012,2025-06-15T07:54,email,medium,warranty,-0.189,1,481,72,The device stopped working after 481 days and the customer wants to know whether warranty coverage applies.,0,11.1,"Verified purchase date and warranty eligibility, then arranged repair or replacement based on coverage."
T00319,C0136,P002,2026-07-06T19:36,email,medium,warranty,-0.861,2,660,16,The device stopped working after 660 days and the customer wants to know whether warranty coverage applies.,0,12.2,"Verified purchase date and warranty eligibility, then arranged repair or replacement based on coverage."
T00320,C0132,P007,2025-04-29T13:41,web,low,warranty,-0.577,2,406,36,The device stopped working after 406 days and the customer wants to know whether warranty coverage applies.,0,12.6,"Verified purchase date and warranty eligibility, then arranged repair or replacement based on coverage."
T00321,C0072,P006,2025-08-11T23:50,phone,medium,payment_dispute,0.37,2,874,23,Customer reports a duplicate charge and disputes the second transaction.,1,37.3,"Reviewed transaction records, confirmed the billing issue, and initiated correction or refund when appropriate."
T00322,C0078,P001,2026-06-12T04:40,chat,medium,shipping_delay,-0.84,1,647,68,Customer says the delivery is overdue and asks for a replacement shipment or updated ETA.,0,7.7,"Reviewed tracking status and provided replacement, refund, or revised delivery guidance based on delay threshold."
T00323,C0174,P012,2025-03-30T20:14,phone,medium,account_security,0.242,0,260,80,Customer reports an unfamiliar login and wants the account secured immediately.,0,6.8,"Secured the account, revoked active sessions, required credential reset, and escalated suspicious activity when needed."
T00324,C0122,P005,2025-11-20T10:28,email,medium,return_refund,0.095,2,344,11,Customer wants to return the product and asks whether the order is still inside the return window.,0,17.4,"Checked return-window and item-condition requirements, then approved or declined the return with next steps."
T00325,C0154,P006,2025-07-31T02:18,email,medium,shipping_delay,-0.897,3,395,63,Customer says the delivery is overdue and asks for a replacement shipment or updated ETA.,1,14.4,"Reviewed tracking status and provided replacement, refund, or revised delivery guidance based on delay threshold."
T00326,C0014,P006,2025-04-21T04:54,email,low,subscription,0.459,4,34,115,Customer says a subscription renewed unexpectedly and requests cancellation guidance.,0,16.1,"Confirmed subscription status, cancelled future renewal where eligible, and reviewed refund eligibility for the latest charge."
T00327,C0171,P006,2026-02-27T17:17,chat,high,damaged_delivery,,0,405,11,Package arrived with visible damage and the product casing is cracked.,0,9.6,Collected delivery evidence and arranged replacement or refund according to transit-damage policy.
T00328,C0082,P001,2026-01-30T15:45,email,low,return_refund,-0.257,1,199,52,Customer requests a refund and asks what condition the item must be in for return approval.,0,12.7,"Checked return-window and item-condition requirements, then approved or declined the return with next steps."
T00329,C0180,P011,2026-06-29T22:45,web,medium,account_security,-0.682,3,770,73,Customer reports an unfamiliar login and wants the account secured immediately.,1,16.8,"Secured the account, revoked active sessions, required credential reset, and escalated suspicious activity when needed."
T00330,C0179,P010,2025-02-16T16:38,web,medium,payment_dispute,-0.453,1,184,137,Customer reports a duplicate charge and disputes the second transaction.,0,10.7,"Reviewed transaction records, confirmed the billing issue, and initiated correction or refund when appropriate."
T00331,C0160,P002,2025-08-16T17:40,chat,medium,return_refund,,3,215,6,Customer requests a refund and asks what condition the item must be in for return approval.,1,8.7,"Checked return-window and item-condition requirements, then approved or declined the return with next steps."
T00332,C0156,P001,2025-06-09T10:15,web,urgent,payment_dispute,-0.081,2,225,28,Customer reports a duplicate charge and disputes the second transaction.,1,6.5,"Reviewed transaction records, confirmed the billing issue, and initiated correction or refund when appropriate."
T00333,C0061,P006,2026-04-09T14:55,,medium,shipping_delay,0.37,2,820,69,Customer says the delivery is overdue and asks for a replacement shipment or updated ETA.,0,7.6,"Reviewed tracking status and provided replacement, refund, or revised delivery guidance based on delay threshold."
T00334,C0166,P007,2025-05-21T04:56,email,medium,return_refund,-0.135,2,314,23,Customer wants to return the product and asks whether the order is still inside the return window.,0,27.6,"Checked return-window and item-condition requirements, then approved or declined the return with next steps."
T00335,C0066,P004,2026-06-11T12:28,email,medium,technical_issue,0.397,4,169,71,Product repeatedly disconnects during normal use even after a restart.,1,23.1,"Completed troubleshooting, checked warranty or service eligibility, and escalated unresolved hardware or software faults."
T00336,C0050,P003,2025-01-13T13:21,email,high,return_refund,-0.231,0,120,25,Customer requests a refund and asks what condition the item must be in for return approval.,0,13.8,"Checked return-window and item-condition requirements, then approved or declined the return with next steps."
T00337,C0022,P009,2026-04-01T12:38,web,medium,technical_issue,-0.372,1,356,24,Customer reports an intermittent software issue that basic troubleshooting did not resolve.,0,26.5,"Completed troubleshooting, checked warranty or service eligibility, and escalated unresolved hardware or software faults."
T00338,C0079,P008,2026-07-03T00:32,chat,,shipping_delay,0.162,1,622,52,Customer says the delivery is overdue and asks for a replacement shipment or updated ETA.,1,24.0,"Reviewed tracking status and provided replacement, refund, or revised delivery guidance based on delay threshold."
T00339,C0057,P002,2026-05-28T05:52,email,medium,technical_issue,-0.167,1,784,57,Product repeatedly disconnects during normal use even after a restart.,0,21.8,"Completed troubleshooting, checked warranty or service eligibility, and escalated unresolved hardware or software faults."
T00340,C0104,P003,2025-02-02T06:49,phone,high,payment_dispute,-0.059,0,621,41,Customer reports a duplicate charge and disputes the second transaction.,0,5.1,"Reviewed transaction records, confirmed the billing issue, and initiated correction or refund when appropriate."
T00341,C0146,P007,2025-11-30T09:47,email,,return_refund,0.764,1,38,6,Customer wants to return the product and asks whether the order is still inside the return window.,0,21.1,"Checked return-window and item-condition requirements, then approved or declined the return with next steps."
T00342,C0154,P011,2025-01-03T23:22,email,medium,payment_dispute,0.972,3,711,41,Customer reports a duplicate charge and disputes the second transaction.,0,17.3,"Reviewed transaction records, confirmed the billing issue, and initiated correction or refund when appropriate."
T00343,C0118,P008,2025-09-23T06:04,email,low,technical_issue,0.692,0,591,11,Customer reports an intermittent software issue that basic troubleshooting did not resolve.,0,14.5,"Completed troubleshooting, checked warranty or service eligibility, and escalated unresolved hardware or software faults."
T00344,C0085,P011,2026-04-14T04:18,email,medium,warranty,0.554,1,848,51,Customer reports a hardware failure after 848 days of ownership and requests repair or replacement.,0,49.6,"Verified purchase date and warranty eligibility, then arranged repair or replacement based on coverage."
T00345,C0062,P004,2026-08-23T04:32,phone,medium,technical_issue,0.531,1,130,39,Customer reports an intermittent software issue that basic troubleshooting did not resolve.,1,19.4,"Completed troubleshooting, checked warranty or service eligibility, and escalated unresolved hardware or software faults."
T00346,C0055,P010,2026-07-10T17:49,chat,,payment_dispute,1.0,1,46,49,Customer reports a duplicate charge and disputes the second transaction.,0,10.4,"Reviewed transaction records, confirmed the billing issue, and initiated correction or refund when appropriate."
T00347,C0008,P009,2025-04-06T03:19,chat,high,shipping_delay,0.717,1,722,51,Customer says the delivery is overdue and asks for a replacement shipment or updated ETA.,0,45.8,"Reviewed tracking status and provided replacement, refund, or revised delivery guidance based on delay threshold."
T00348,C0069,P002,2026-01-09T14:47,chat,medium,technical_issue,0.496,1,107,68,Customer reports an intermittent software issue that basic troubleshooting did not resolve.,0,11.6,"Completed troubleshooting, checked warranty or service eligibility, and escalated unresolved hardware or software faults."
T00349,C0042,P008,2025-10-15T17:49,phone,high,payment_dispute,-0.651,4,309,60,Customer says the charged amount does not match the order total and requests a billing review.,1,29.6,"Reviewed transaction records, confirmed the billing issue, and initiated correction or refund when appropriate."
T00350,C0047,P005,2025-08-30T02:14,phone,urgent,subscription,-1.0,1,391,33,Customer says a subscription renewed unexpectedly and requests cancellation guidance.,1,32.5,"Confirmed subscription status, cancelled future renewal where eligible, and reviewed refund eligibility for the latest charge."
T00351,C0015,P002,2026-03-06T09:53,email,medium,technical_issue,0.235,0,449,38,Product repeatedly disconnects during normal use even after a restart.,0,36.1,"Completed troubleshooting, checked warranty or service eligibility, and escalated unresolved hardware or software faults."
T00352,C0047,P007,2025-05-01T21:50,email,low,shipping_delay,-0.465,0,727,71,Order has not arrived and tracking has shown no movement for several days.,0,27.2,"Reviewed tracking status and provided replacement, refund, or revised delivery guidance based on delay threshold."
T00353,C0113,P011,2026-02-26T07:50,chat,high,account_security,-0.02,0,833,43,Customer believes someone accessed the account without permission and asks for urgent help.,0,2.5,"Secured the account, revoked active sessions, required credential reset, and escalated suspicious activity when needed."
T00354,C0143,P002,2025-12-15T23:44,web,low,warranty,,1,90,24,The device stopped working after 90 days and the customer wants to know whether warranty coverage applies.,0,13.8,"Verified purchase date and warranty eligibility, then arranged repair or replacement based on coverage."
T00355,C0098,P010,2026-05-25T22:26,chat,medium,payment_dispute,-0.124,0,743,53,Customer says the charged amount does not match the order total and requests a billing review.,0,32.0,"Reviewed transaction records, confirmed the billing issue, and initiated correction or refund when appropriate."
T00356,C0046,P003,2025-07-24T10:27,chat,medium,account_security,-0.408,0,289,22,Customer reports an unfamiliar login and wants the account secured immediately.,0,19.0,"Secured the account, revoked active sessions, required credential reset, and escalated suspicious activity when needed."
T00357,C0008,P010,2025-09-28T18:33,email,medium,damaged_delivery,0.128,2,530,80,Package arrived with visible damage and the product casing is cracked.,0,18.5,Collected delivery evidence and arranged replacement or refund according to transit-damage policy.
T00358,C0011,P006,2025-07-25T11:00,email,medium,account_security,,1,649,32,Customer believes someone accessed the account without permission and asks for urgent help.,0,3.2,"Secured the account, revoked active sessions, required credential reset, and escalated suspicious activity when needed."
T00359,C0112,P011,2025-08-25T00:30,email,medium,shipping_delay,-0.117,4,756,40,Customer says the delivery is overdue and asks for a replacement shipment or updated ETA.,0,11.8,"Reviewed tracking status and provided replacement, refund, or revised delivery guidance based on delay threshold."
T00360,C0069,P002,2026-01-03T23:26,chat,high,account_security,-0.348,2,676,12,Customer believes someone accessed the account without permission and asks for urgent help.,1,57.7,"Secured the account, revoked active sessions, required credential reset, and escalated suspicious activity when needed."
T00361,C0055,P001,2026-02-20T04:28,phone,low,warranty,-1.0,2,102,34,Customer reports a hardware failure after 102 days of ownership and requests repair or replacement.,1,45.3,"Verified purchase date and warranty eligibility, then arranged repair or replacement based on coverage."
T00362,C0004,P004,2026-04-29T15:25,chat,medium,payment_dispute,0.332,3,796,88,Customer reports a duplicate charge and disputes the second transaction.,0,11.1,"Reviewed transaction records, confirmed the billing issue, and initiated correction or refund when appropriate."
T00363,C0161,P006,2026-03-10T06:40,chat,medium,technical_issue,-0.132,2,452,111,Customer reports an intermittent software issue that basic troubleshooting did not resolve.,0,15.0,"Completed troubleshooting, checked warranty or service eligibility, and escalated unresolved hardware or software faults."
T00364,C0069,P008,2025-04-30T13:19,phone,high,subscription,0.68,2,647,25,Customer asks to cancel a recurring subscription and stop future renewal charges.,0,18.1,"Confirmed subscription status, cancelled future renewal where eligible, and reviewed refund eligibility for the latest charge."
T00365,C0054,P006,2026-04-18T18:14,chat,high,shipping_delay,,2,768,15,Customer says the delivery is overdue and asks for a replacement shipment or updated ETA.,1,25.8,"Reviewed tracking status and provided replacement, refund, or revised delivery guidance based on delay threshold."
T00366,C0031,P008,2026-04-06T13:47,chat,urgent,warranty,-0.361,2,171,32,The device stopped working after 171 days and the customer wants to know whether warranty coverage applies.,1,4.1,"Verified purchase date and warranty eligibility, then arranged repair or replacement based on coverage."
T00367,C0105,P008,2025-02-03T05:38,email,urgent,shipping_delay,-0.246,0,235,34,Customer says the delivery is overdue and asks for a replacement shipment or updated ETA.,0,4.9,"Reviewed tracking status and provided replacement, refund, or revised delivery guidance based on delay threshold."
T00368,C0115,P004,2025-08-22T22:53,email,medium,warranty,-0.319,0,541,9,The device stopped working after 541 days and the customer wants to know whether warranty coverage applies.,0,10.3,"Verified purchase date and warranty eligibility, then arranged repair or replacement based on coverage."
T00369,C0144,P003,2025-02-21T02:05,chat,medium,shipping_delay,0.901,1,334,14,Order has not arrived and tracking has shown no movement for several days.,0,9.7,"Reviewed tracking status and provided replacement, refund, or revised delivery guidance based on delay threshold."
T00370,C0059,P007,2025-09-09T12:00,phone,medium,account_security,0.788,0,613,29,Customer believes someone accessed the account without permission and asks for urgent help.,1,66.3,"Secured the account, revoked active sessions, required credential reset, and escalated suspicious activity when needed."
T00371,C0087,P005,2026-01-01T10:34,email,urgent,subscription,-0.73,1,715,81,Customer says a subscription renewed unexpectedly and requests cancellation guidance.,0,3.9,"Confirmed subscription status, cancelled future renewal where eligible, and reviewed refund eligibility for the latest charge."
T00372,C0114,P010,2026-03-07T16:41,web,medium,warranty,-1.0,1,833,59,The device stopped working after 833 days and the customer wants to know whether warranty coverage applies.,1,77.2,"Verified purchase date and warranty eligibility, then arranged repair or replacement based on coverage."
T00373,C0120,P005,2026-01-28T02:09,email,,subscription,-0.528,3,42,38,Customer says a subscription renewed unexpectedly and requests cancellation guidance.,0,22.9,"Confirmed subscription status, cancelled future renewal where eligible, and reviewed refund eligibility for the latest charge."
T00374,C0051,P003,2025-09-06T17:21,chat,urgent,shipping_delay,-0.35,1,152,28,Customer says the delivery is overdue and asks for a replacement shipment or updated ETA.,0,34.5,"Reviewed tracking status and provided replacement, refund, or revised delivery guidance based on delay threshold."
T00375,C0117,P001,2026-04-10T20:25,email,high,shipping_delay,-0.869,2,696,20,Order has not arrived and tracking has shown no movement for several days.,0,4.7,"Reviewed tracking status and provided replacement, refund, or revised delivery guidance based on delay threshold."
T00376,C0131,P011,2025-05-26T21:49,chat,medium,return_refund,-0.301,1,569,23,Customer requests a refund and asks what condition the item must be in for return approval.,0,10.5,"Checked return-window and item-condition requirements, then approved or declined the return with next steps."
T00377,C0041,P007,2025-05-30T20:15,phone,medium,damaged_delivery,-0.292,1,633,35,Customer opened the shipment and found physical damage that appears to have happened in transit.,0,22.5,Collected delivery evidence and arranged replacement or refund according to transit-damage policy.
T00378,C0172,P008,2025-04-26T14:20,web,medium,technical_issue,0.092,1,871,40,Customer reports an intermittent software issue that basic troubleshooting did not resolve.,1,24.4,"Completed troubleshooting, checked warranty or service eligibility, and escalated unresolved hardware or software faults."
T00379,C0046,P007,2026-06-25T12:22,email,high,subscription,0.483,3,81,45,Customer says a subscription renewed unexpectedly and requests cancellation guidance.,0,5.2,"Confirmed subscription status, cancelled future renewal where eligible, and reviewed refund eligibility for the latest charge."
T00380,C0108,P007,2026-05-09T23:13,web,urgent,warranty,,1,475,30,Customer reports a hardware failure after 475 days of ownership and requests repair or replacement.,1,20.1,"Verified purchase date and warranty eligibility, then arranged repair or replacement based on coverage."
T00381,C0146,P005,2026-01-03T23:36,chat,low,payment_dispute,-0.266,1,598,16,Customer says the charged amount does not match the order total and requests a billing review.,1,96.9,"Reviewed transaction records, confirmed the billing issue, and initiated correction or refund when appropriate."
T00382,C0162,P003,2025-08-31T02:02,chat,high,return_refund,-0.259,1,93,10,Customer wants to return the product and asks whether the order is still inside the return window.,1,23.5,"Checked return-window and item-condition requirements, then approved or declined the return with next steps."
T00383,C0088,P004,2025-08-18T07:35,email,medium,technical_issue,-0.582,1,68,67,Product repeatedly disconnects during normal use even after a restart.,1,21.4,"Completed troubleshooting, checked warranty or service eligibility, and escalated unresolved hardware or software faults."
T00384,C0155,P002,2026-04-15T05:12,web,high,shipping_delay,-0.678,3,56,28,Customer says the delivery is overdue and asks for a replacement shipment or updated ETA.,1,10.3,"Reviewed tracking status and provided replacement, refund, or revised delivery guidance based on delay threshold."
T00385,C0072,P002,2026-01-15T17:32,chat,high,technical_issue,-0.56,1,844,60,Customer reports an intermittent software issue that basic troubleshooting did not resolve.,0,22.7,"Completed troubleshooting, checked warranty or service eligibility, and escalated unresolved hardware or software faults."
T00386,C0137,P007,2025-02-17T05:38,email,high,subscription,-0.283,1,753,78,Customer asks to cancel a recurring subscription and stop future renewal charges.,1,10.9,"Confirmed subscription status, cancelled future renewal where eligible, and reviewed refund eligibility for the latest charge."
T00387,C0065,P001,2026-07-29T13:31,phone,medium,return_refund,,0,838,21,Customer requests a refund and asks what condition the item must be in for return approval.,0,12.2,"Checked return-window and item-condition requirements, then approved or declined the return with next steps."
T00388,C0106,P011,2026-04-26T11:00,chat,medium,return_refund,-0.025,4,207,73,Customer requests a refund and asks what condition the item must be in for return approval.,0,12.1,"Checked return-window and item-condition requirements, then approved or declined the return with next steps."
T00389,C0005,P004,2025-09-11T08:04,phone,low,return_refund,-1.0,1,542,98,Customer wants to return the product and asks whether the order is still inside the return window.,0,58.0,"Checked return-window and item-condition requirements, then approved or declined the return with next steps."
T00390,C0129,P005,2025-03-17T03:58,chat,medium,return_refund,0.694,6,655,14,Customer requests a refund and asks what condition the item must be in for return approval.,0,5.3,"Checked return-window and item-condition requirements, then approved or declined the return with next steps."
T00391,C0062,P009,2025-08-04T03:20,chat,medium,damaged_delivery,-0.253,3,753,9,Customer opened the shipment and found physical damage that appears to have happened in transit.,1,14.0,Collected delivery evidence and arranged replacement or refund according to transit-damage policy.
T00392,C0002,P005,2025-07-01T03:54,phone,,shipping_delay,-0.284,1,621,28,Order has not arrived and tracking has shown no movement for several days.,0,8.2,"Reviewed tracking status and provided replacement, refund, or revised delivery guidance based on delay threshold."
T00393,C0056,P012,2025-01-04T12:56,chat,high,warranty,0.568,2,791,44,Customer reports a hardware failure after 791 days of ownership and requests repair or replacement.,0,20.2,"Verified purchase date and warranty eligibility, then arranged repair or replacement based on coverage."
T00394,C0177,P007,2026-07-01T16:34,chat,medium,subscription,-0.767,1,463,42,Customer says a subscription renewed unexpectedly and requests cancellation guidance.,0,1.4,"Confirmed subscription status, cancelled future renewal where eligible, and reviewed refund eligibility for the latest charge."
T00395,C0143,P002,2026-08-17T23:02,chat,low,return_refund,0.051,1,704,71,Customer requests a refund and asks what condition the item must be in for return approval.,0,64.0,"Checked return-window and item-condition requirements, then approved or declined the return with next steps."
T00396,C0055,P007,2025-10-05T16:53,phone,high,payment_dispute,0.244,0,563,73,Customer says the charged amount does not match the order total and requests a billing review.,0,13.2,"Reviewed transaction records, confirmed the billing issue, and initiated correction or refund when appropriate."
T00397,C0176,P008,2025-09-26T09:27,email,medium,account_security,0.55,2,285,77,Customer believes someone accessed the account without permission and asks for urgent help.,0,25.6,"Secured the account, revoked active sessions, required credential reset, and escalated suspicious activity when needed."
T00398,C0164,P010,2026-06-24T05:44,phone,medium,warranty,-0.123,4,506,37,The device stopped working after 506 days and the customer wants to know whether warranty coverage applies.,0,18.6,"Verified purchase date and warranty eligibility, then arranged repair or replacement based on coverage."
T00399,C0029,P009,2025-12-11T20:46,web,low,warranty,-0.176,3,298,44,Customer reports a hardware failure after 298 days of ownership and requests repair or replacement.,0,12.9,"Verified purchase date and warranty eligibility, then arranged repair or replacement based on coverage."
T00400,C0034,P008,2025-03-10T21:05,email,high,warranty,-0.009,1,618,28,The device stopped working after 618 days and the customer wants to know whether warranty coverage applies.,0,7.4,"Verified purchase date and warranty eligibility, then arranged repair or replacement based on coverage."
T00401,C0031,P005,2025-04-14T20:00,chat,medium,shipping_delay,-0.293,1,525,10,Order has not arrived and tracking has shown no movement for several days.,0,6.5,"Reviewed tracking status and provided replacement, refund, or revised delivery guidance based on delay threshold."
T00402,C0157,P012,2026-01-16T10:13,web,medium,return_refund,0.435,1,837,42,Customer requests a refund and asks what condition the item must be in for return approval.,0,25.2,"Checked return-window and item-condition requirements, then approved or declined the return with next steps."
T00403,C0036,P008,2026-06-11T05:44,email,low,payment_dispute,0.022,1,568,43,Customer says the charged amount does not match the order total and requests a billing review.,0,43.0,"Reviewed transaction records, confirmed the billing issue, and initiated correction or refund when appropriate."
T00404,C0010,P001,2026-05-11T17:00,web,urgent,damaged_delivery,0.662,1,34,33,Package arrived with visible damage and the product casing is cracked.,1,17.9,Collected delivery evidence and arranged replacement or refund according to transit-damage policy.
T00405,C0065,P010,2026-05-20T20:57,chat,low,damaged_delivery,-0.598,3,40,24,Package arrived with visible damage and the product casing is cracked.,0,5.9,Collected delivery evidence and arranged replacement or refund according to transit-damage policy.
T00406,C0097,P005,2025-11-12T02:51,email,medium,shipping_delay,-0.388,0,316,21,Customer says the delivery is overdue and asks for a replacement shipment or updated ETA.,0,11.2,"Reviewed tracking status and provided replacement, refund, or revised delivery guidance based on delay threshold."
T00407,C0037,P001,2026-08-23T04:45,email,high,damaged_delivery,-0.96,2,543,36,Package arrived with visible damage and the product casing is cracked.,0,12.3,Collected delivery evidence and arranged replacement or refund according to transit-damage policy.
T00408,C0139,P001,2025-04-07T14:16,email,medium,account_security,0.405,2,863,84,Customer reports an unfamiliar login and wants the account secured immediately.,0,14.6,"Secured the account, revoked active sessions, required credential reset, and escalated suspicious activity when needed."
T00409,C0028,P002,2026-08-19T12:57,email,medium,damaged_delivery,-1.0,1,622,25,Package arrived with visible damage and the product casing is cracked.,0,9.7,Collected delivery evidence and arranged replacement or refund according to transit-damage policy.
T00410,C0030,P011,2026-03-17T19:39,chat,low,payment_dispute,-0.496,2,9,27,Customer reports a duplicate charge and disputes the second transaction.,0,19.1,"Reviewed transaction records, confirmed the billing issue, and initiated correction or refund when appropriate."
T00411,C0108,P006,2026-07-28T06:48,chat,medium,payment_dispute,0.159,1,660,24,Customer reports a duplicate charge and disputes the second transaction.,0,11.6,"Reviewed transaction records, confirmed the billing issue, and initiated correction or refund when appropriate."
T00412,C0097,P009,2025-01-06T04:19,chat,urgent,technical_issue,-0.076,0,35,103,Product repeatedly disconnects during normal use even after a restart.,0,28.5,"Completed troubleshooting, checked warranty or service eligibility, and escalated unresolved hardware or software faults."
T00413,C0068,P005,2026-07-04T00:33,email,medium,account_security,0.049,2,237,23,Customer believes someone accessed the account without permission and asks for urgent help.,0,12.9,"Secured the account, revoked active sessions, required credential reset, and escalated suspicious activity when needed."
T00414,C0100,P002,2025-01-10T21:34,chat,urgent,technical_issue,-0.021,0,20,108,Product repeatedly disconnects during normal use even after a restart.,0,16.1,"Completed troubleshooting, checked warranty or service eligibility, and escalated unresolved hardware or software faults."
T00415,C0103,P009,2025-12-28T16:50,phone,medium,damaged_delivery,-0.253,4,117,15,Customer opened the shipment and found physical damage that appears to have happened in transit.,1,26.7,Collected delivery evidence and arranged replacement or refund according to transit-damage policy.
T00416,C0099,P011,2025-06-25T04:32,email,low,warranty,0.833,1,327,61,Customer reports a hardware failure after 327 days of ownership and requests repair or replacement.,0,14.7,"Verified purchase date and warranty eligibility, then arranged repair or replacement based on coverage."
T00417,C0138,P002,2025-06-10T11:04,chat,low,payment_dispute,0.241,3,181,29,Customer reports a duplicate charge and disputes the second transaction.,0,22.5,"Reviewed transaction records, confirmed the billing issue, and initiated correction or refund when appropriate."
T00418,C0171,P004,2026-01-15T05:18,,low,warranty,-0.056,1,50,62,Customer reports a hardware failure after 50 days of ownership and requests repair or replacement.,0,4.0,"Verified purchase date and warranty eligibility, then arranged repair or replacement based on coverage."
T00419,C0159,P011,2026-06-15T22:29,email,low,shipping_delay,-0.841,0,883,27,Customer says the delivery is overdue and asks for a replacement shipment or updated ETA.,0,12.5,"Reviewed tracking status and provided replacement, refund, or revised delivery guidance based on delay threshold."
T00420,C0007,P003,2026-03-05T00:26,chat,urgent,warranty,-0.159,0,323,39,Customer reports a hardware failure after 323 days of ownership and requests repair or replacement.,1,47.1,"Verified purchase date and warranty eligibility, then arranged repair or replacement based on coverage."
T00421,C0005,P002,2026-05-02T05:14,web,medium,technical_issue,-0.601,2,20,67,Product repeatedly disconnects during normal use even after a restart.,0,9.7,"Completed troubleshooting, checked warranty or service eligibility, and escalated unresolved hardware or software faults."
T00422,C0111,P002,2025-08-27T07:44,chat,medium,account_security,-0.262,2,886,45,Customer reports an unfamiliar login and wants the account secured immediately.,0,20.0,"Secured the account, revoked active sessions, required credential reset, and escalated suspicious activity when needed."
T00423,C0158,P010,2026-03-22T10:54,email,high,shipping_delay,0.694,1,291,20,Order has not arrived and tracking has shown no movement for several days.,1,12.3,"Reviewed tracking status and provided replacement, refund, or revised delivery guidance based on delay threshold."
T00424,C0020,P005,2026-03-02T00:03,web,high,account_security,0.016,1,754,14,Customer reports an unfamiliar login and wants the account secured immediately.,1,5.8,"Secured the account, revoked active sessions, required credential reset, and escalated suspicious activity when needed."
T00425,C0010,P004,2025-08-20T23:28,phone,high,return_refund,-0.129,0,309,42,Customer requests a refund and asks what condition the item must be in for return approval.,0,10.3,"Checked return-window and item-condition requirements, then approved or declined the return with next steps."
T00426,C0058,P003,2026-02-22T22:26,email,low,subscription,-0.448,2,714,74,Customer asks to cancel a recurring subscription and stop future renewal charges.,1,27.8,"Confirmed subscription status, cancelled future renewal where eligible, and reviewed refund eligibility for the latest charge."
T00427,C0144,P012,2025-09-29T12:36,chat,medium,payment_dispute,-0.216,5,507,25,Customer reports a duplicate charge and disputes the second transaction.,1,47.9,"Reviewed transaction records, confirmed the billing issue, and initiated correction or refund when appropriate."
T00428,C0154,P001,2025-06-29T14:01,chat,medium,payment_dispute,-0.5,0,29,20,Customer says the charged amount does not match the order total and requests a billing review.,0,4.8,"Reviewed transaction records, confirmed the billing issue, and initiated correction or refund when appropriate."
T00429,C0179,P007,2025-10-05T13:46,email,medium,return_refund,,0,597,52,Customer wants to return the product and asks whether the order is still inside the return window.,0,9.3,"Checked return-window and item-condition requirements, then approved or declined the return with next steps."
T00430,C0068,P010,2025-12-07T20:43,email,high,account_security,-0.274,1,41,53,Customer reports an unfamiliar login and wants the account secured immediately.,1,32.2,"Secured the account, revoked active sessions, required credential reset, and escalated suspicious activity when needed."
T00431,C0167,P008,2026-05-09T12:43,chat,medium,damaged_delivery,-0.423,1,64,54,Package arrived with visible damage and the product casing is cracked.,0,22.7,Collected delivery evidence and arranged replacement or refund according to transit-damage policy.
T00432,C0072,P008,2025-12-08T19:29,web,high,technical_issue,,2,734,29,Customer reports an intermittent software issue that basic troubleshooting did not resolve.,0,3.6,"Completed troubleshooting, checked warranty or service eligibility, and escalated unresolved hardware or software faults."
T00433,C0106,P002,2025-06-18T11:28,email,medium,warranty,0.253,2,610,92,The device stopped working after 610 days and the customer wants to know whether warranty coverage applies.,1,52.4,"Verified purchase date and warranty eligibility, then arranged repair or replacement based on coverage."
T00434,C0115,P003,2025-09-14T20:58,email,urgent,warranty,0.294,1,84,82,Customer reports a hardware failure after 84 days of ownership and requests repair or replacement.,1,18.2,"Verified purchase date and warranty eligibility, then arranged repair or replacement based on coverage."
T00435,C0047,P005,2026-03-04T00:30,web,high,technical_issue,0.409,1,327,65,Customer reports an intermittent software issue that basic troubleshooting did not resolve.,1,9.0,"Completed troubleshooting, checked warranty or service eligibility, and escalated unresolved hardware or software faults."
T00436,C0091,P001,2025-03-06T05:20,email,medium,shipping_delay,-0.389,1,342,31,Customer says the delivery is overdue and asks for a replacement shipment or updated ETA.,0,23.7,"Reviewed tracking status and provided replacement, refund, or revised delivery guidance based on delay threshold."
T00437,C0156,P008,2026-01-31T08:44,web,medium,return_refund,0.07,1,311,28,Customer requests a refund and asks what condition the item must be in for return approval.,0,27.0,"Checked return-window and item-condition requirements, then approved or declined the return with next steps."
T00438,C0176,P008,2025-04-06T23:12,email,,subscription,-0.295,0,186,53,Customer says a subscription renewed unexpectedly and requests cancellation guidance.,0,1.3,"Confirmed subscription status, cancelled future renewal where eligible, and reviewed refund eligibility for the latest charge."
T00439,C0047,P009,2025-12-26T16:13,chat,medium,subscription,,1,411,39,Customer asks to cancel a recurring subscription and stop future renewal charges.,0,7.3,"Confirmed subscription status, cancelled future renewal where eligible, and reviewed refund eligibility for the latest charge."
T00440,C0020,P009,2025-06-25T05:48,chat,medium,return_refund,-0.173,1,755,87,Customer requests a refund and asks what condition the item must be in for return approval.,0,8.6,"Checked return-window and item-condition requirements, then approved or declined the return with next steps."
T00441,C0017,P009,2025-01-26T23:58,web,low,payment_dispute,-0.444,2,892,20,Customer says the charged amount does not match the order total and requests a billing review.,1,30.4,"Reviewed transaction records, confirmed the billing issue, and initiated correction or refund when appropriate."
T00442,C0048,P007,2026-01-29T08:37,web,low,shipping_delay,-0.726,1,853,84,Customer says the delivery is overdue and asks for a replacement shipment or updated ETA.,0,22.3,"Reviewed tracking status and provided replacement, refund, or revised delivery guidance based on delay threshold."
T00443,C0077,P002,2026-07-30T20:41,email,medium,damaged_delivery,-0.326,1,689,77,Package arrived with visible damage and the product casing is cracked.,0,7.9,Collected delivery evidence and arranged replacement or refund according to transit-damage policy.
T00444,C0055,P005,2026-02-22T09:51,web,medium,subscription,-0.868,1,557,30,Customer says a subscription renewed unexpectedly and requests cancellation guidance.,0,11.9,"Confirmed subscription status, cancelled future renewal where eligible, and reviewed refund eligibility for the latest charge."
T00445,C0057,P006,2025-04-21T17:22,email,medium,return_refund,-0.624,2,257,57,Customer requests a refund and asks what condition the item must be in for return approval.,1,37.9,"Checked return-window and item-condition requirements, then approved or declined the return with next steps."
T00446,C0080,P004,2026-08-07T04:01,,medium,shipping_delay,0.242,1,560,90,Order has not arrived and tracking has shown no movement for several days.,0,1.7,"Reviewed tracking status and provided replacement, refund, or revised delivery guidance based on delay threshold."
T00447,C0003,P005,2026-05-18T19:32,email,high,shipping_delay,-0.398,2,542,37,Customer says the delivery is overdue and asks for a replacement shipment or updated ETA.,1,6.6,"Reviewed tracking status and provided replacement, refund, or revised delivery guidance based on delay threshold."
T00448,C0123,P004,2025-08-26T01:01,web,low,return_refund,0.482,2,622,49,Customer requests a refund and asks what condition the item must be in for return approval.,0,12.2,"Checked return-window and item-condition requirements, then approved or declined the return with next steps."
T00449,C0147,P011,2025-05-02T19:34,email,high,technical_issue,0.228,4,680,24,Product repeatedly disconnects during normal use even after a restart.,0,21.8,"Completed troubleshooting, checked warranty or service eligibility, and escalated unresolved hardware or software faults."
T00450,C0171,P005,2026-02-03T22:50,phone,medium,warranty,-0.18,1,777,51,Customer reports a hardware failure after 777 days of ownership and requests repair or replacement.,0,18.5,"Verified purchase date and warranty eligibility, then arranged repair or replacement based on coverage."
T00451,C0075,P007,2025-01-02T14:04,email,high,subscription,-1.0,3,201,106,Customer asks to cancel a recurring subscription and stop future renewal charges.,0,14.0,"Confirmed subscription status, cancelled future renewal where eligible, and reviewed refund eligibility for the latest charge."
T00452,C0044,P004,2025-01-10T14:11,chat,medium,payment_dispute,1.0,3,852,47,Customer says the charged amount does not match the order total and requests a billing review.,1,25.7,"Reviewed transaction records, confirmed the billing issue, and initiated correction or refund when appropriate."
T00453,C0009,P006,2026-07-13T18:38,phone,high,warranty,0.217,2,380,7,Customer reports a hardware failure after 380 days of ownership and requests repair or replacement.,0,7.6,"Verified purchase date and warranty eligibility, then arranged repair or replacement based on coverage."
T00454,C0038,P012,2026-06-19T17:01,web,urgent,return_refund,-0.673,1,818,34,Customer requests a refund and asks what condition the item must be in for return approval.,0,25.6,"Checked return-window and item-condition requirements, then approved or declined the return with next steps."
T00455,C0068,P002,2025-09-27T19:09,email,medium,warranty,-0.104,3,333,40,The device stopped working after 333 days and the customer wants to know whether warranty coverage applies.,0,8.5,"Verified purchase date and warranty eligibility, then arranged repair or replacement based on coverage."
T00456,C0178,P008,2025-12-12T11:06,email,high,warranty,-0.313,0,520,11,The device stopped working after 520 days and the customer wants to know whether warranty coverage applies.,1,21.5,"Verified purchase date and warranty eligibility, then arranged repair or replacement based on coverage."
T00457,C0003,P011,2025-04-18T10:52,chat,medium,warranty,-0.509,1,661,59,The device stopped working after 661 days and the customer wants to know whether warranty coverage applies.,0,12.5,"Verified purchase date and warranty eligibility, then arranged repair or replacement based on coverage."
T00458,C0135,P005,2026-03-20T22:30,chat,medium,shipping_delay,0.221,1,542,7,Order has not arrived and tracking has shown no movement for several days.,0,3.0,"Reviewed tracking status and provided replacement, refund, or revised delivery guidance based on delay threshold."
T00459,C0168,P009,2025-09-22T22:16,chat,urgent,damaged_delivery,-1.0,2,877,58,Customer opened the shipment and found physical damage that appears to have happened in transit.,0,13.2,Collected delivery evidence and arranged replacement or refund according to transit-damage policy.
T00460,C0117,P001,2026-02-13T08:06,email,medium,subscription,0.23,1,40,109,Customer asks to cancel a recurring subscription and stop future renewal charges.,0,17.8,"Confirmed subscription status, cancelled future renewal where eligible, and reviewed refund eligibility for the latest charge."
T00461,C0108,P007,2025-05-25T06:17,phone,medium,account_security,-0.209,3,683,60,Customer reports an unfamiliar login and wants the account secured immediately.,1,69.7,"Secured the account, revoked active sessions, required credential reset, and escalated suspicious activity when needed."
T00462,C0063,P010,2026-08-04T21:26,phone,medium,technical_issue,-0.172,4,619,18,Product repeatedly disconnects during normal use even after a restart.,0,15.7,"Completed troubleshooting, checked warranty or service eligibility, and escalated unresolved hardware or software faults."
T00463,C0161,P007,2026-01-10T09:59,chat,medium,warranty,-0.454,1,447,134,Customer reports a hardware failure after 447 days of ownership and requests repair or replacement.,0,19.2,"Verified purchase date and warranty eligibility, then arranged repair or replacement based on coverage."
T00464,C0145,P009,2025-04-02T23:32,email,,damaged_delivery,-0.348,0,562,19,Customer opened the shipment and found physical damage that appears to have happened in transit.,0,2.7,Collected delivery evidence and arranged replacement or refund according to transit-damage policy.
T00465,C0152,P008,2025-02-07T17:29,email,medium,technical_issue,0.535,2,72,65,Customer reports an intermittent software issue that basic troubleshooting did not resolve.,0,6.4,"Completed troubleshooting, checked warranty or service eligibility, and escalated unresolved hardware or software faults."
T00466,C0154,P002,2025-01-14T22:47,web,low,shipping_delay,0.19,0,828,69,Customer says the delivery is overdue and asks for a replacement shipment or updated ETA.,0,12.8,"Reviewed tracking status and provided replacement, refund, or revised delivery guidance based on delay threshold."
T00467,C0002,P002,2026-07-29T04:15,chat,medium,technical_issue,0.316,1,30,80,Customer reports an intermittent software issue that basic troubleshooting did not resolve.,0,18.5,"Completed troubleshooting, checked warranty or service eligibility, and escalated unresolved hardware or software faults."
T00468,C0180,P001,2025-11-18T18:24,phone,low,payment_dispute,-0.448,2,48,44,Customer reports a duplicate charge and disputes the second transaction.,1,58.5,"Reviewed transaction records, confirmed the billing issue, and initiated correction or refund when appropriate."
T00469,C0076,P012,2026-03-15T19:40,chat,urgent,return_refund,0.249,0,594,44,Customer wants to return the product and asks whether the order is still inside the return window.,0,6.8,"Checked return-window and item-condition requirements, then approved or declined the return with next steps."
T00470,C0063,P011,2025-03-07T12:06,email,urgent,subscription,-0.644,2,380,59,Customer says a subscription renewed unexpectedly and requests cancellation guidance.,1,18.5,"Confirmed subscription status, cancelled future renewal where eligible, and reviewed refund eligibility for the latest charge."
T00471,C0177,P009,2026-02-09T01:05,chat,medium,technical_issue,-0.045,1,776,117,Customer reports an intermittent software issue that basic troubleshooting did not resolve.,1,22.5,"Completed troubleshooting, checked warranty or service eligibility, and escalated unresolved hardware or software faults."
T00472,C0050,P010,2025-07-14T00:44,email,high,warranty,0.464,3,677,64,The device stopped working after 677 days and the customer wants to know whether warranty coverage applies.,1,37.3,"Verified purchase date and warranty eligibility, then arranged repair or replacement based on coverage."
T00473,C0139,P006,2026-02-24T00:18,,medium,warranty,-0.393,2,768,22,Customer reports a hardware failure after 768 days of ownership and requests repair or replacement.,0,12.0,"Verified purchase date and warranty eligibility, then arranged repair or replacement based on coverage."
T00474,C0103,P003,2025-10-15T03:55,chat,high,return_refund,0.272,1,192,54,Customer requests a refund and asks what condition the item must be in for return approval.,0,4.4,"Checked return-window and item-condition requirements, then approved or declined the return with next steps."
T00475,C0134,P002,2025-11-12T15:23,web,low,warranty,0.116,2,471,6,The device stopped working after 471 days and the customer wants to know whether warranty coverage applies.,0,20.2,"Verified purchase date and warranty eligibility, then arranged repair or replacement based on coverage."
T00476,C0144,P006,2025-07-04T18:10,chat,medium,shipping_delay,1.0,0,436,11,Customer says the delivery is overdue and asks for a replacement shipment or updated ETA.,0,8.0,"Reviewed tracking status and provided replacement, refund, or revised delivery guidance based on delay threshold."
T00477,C0046,P008,2025-10-26T03:02,chat,high,account_security,-0.475,1,599,52,Customer believes someone accessed the account without permission and asks for urgent help.,1,23.1,"Secured the account, revoked active sessions, required credential reset, and escalated suspicious activity when needed."
T00478,C0102,P007,2025-01-03T12:57,email,,account_security,0.23,2,387,43,Customer believes someone accessed the account without permission and asks for urgent help.,0,5.7,"Secured the account, revoked active sessions, required credential reset, and escalated suspicious activity when needed."
T00479,C0122,P008,2026-03-04T20:44,email,urgent,subscription,0.604,0,270,89,Customer says a subscription renewed unexpectedly and requests cancellation guidance.,0,12.6,"Confirmed subscription status, cancelled future renewal where eligible, and reviewed refund eligibility for the latest charge."
T00480,C0159,P004,2025-05-19T06:43,phone,high,technical_issue,-0.705,0,745,23,Product repeatedly disconnects during normal use even after a restart.,0,42.7,"Completed troubleshooting, checked warranty or service eligibility, and escalated unresolved hardware or software faults."
T00481,C0101,P003,2026-06-14T10:43,email,,technical_issue,-0.042,0,407,34,Customer reports an intermittent software issue that basic troubleshooting did not resolve.,0,10.1,"Completed troubleshooting, checked warranty or service eligibility, and escalated unresolved hardware or software faults."
T00482,C0117,P009,2025-03-18T10:24,email,medium,shipping_delay,0.119,1,687,14,Order has not arrived and tracking has shown no movement for several days.,0,16.2,"Reviewed tracking status and provided replacement, refund, or revised delivery guidance based on delay threshold."
T00483,C0091,P001,2026-01-27T13:52,phone,high,technical_issue,-0.015,4,202,39,Customer reports an intermittent software issue that basic troubleshooting did not resolve.,1,60.6,"Completed troubleshooting, checked warranty or service eligibility, and escalated unresolved hardware or software faults."
T00484,C0091,P010,2026-04-30T19:27,web,medium,warranty,1.0,2,375,63,Customer reports a hardware failure after 375 days of ownership and requests repair or replacement.,1,34.0,"Verified purchase date and warranty eligibility, then arranged repair or replacement based on coverage."
T00485,C0093,P012,2026-07-14T21:32,chat,high,warranty,-0.653,0,486,104,Customer reports a hardware failure after 486 days of ownership and requests repair or replacement.,0,16.1,"Verified purchase date and warranty eligibility, then arranged repair or replacement based on coverage."
T00486,C0073,P005,2025-06-22T13:39,chat,high,warranty,-0.342,2,6,56,The device stopped working after 6 days and the customer wants to know whether warranty coverage applies.,1,39.5,"Verified purchase date and warranty eligibility, then arranged repair or replacement based on coverage."
T00487,C0054,P012,2025-11-27T00:38,phone,medium,payment_dispute,-0.544,0,899,63,Customer says the charged amount does not match the order total and requests a billing review.,0,2.2,"Reviewed transaction records, confirmed the billing issue, and initiated correction or refund when appropriate."
T00488,C0020,P012,2026-08-08T22:22,email,medium,shipping_delay,0.031,0,674,148,Customer says the delivery is overdue and asks for a replacement shipment or updated ETA.,0,39.6,"Reviewed tracking status and provided replacement, refund, or revised delivery guidance based on delay threshold."
T00489,C0013,P003,2026-03-24T21:45,,medium,warranty,0.727,1,774,73,Customer reports a hardware failure after 774 days of ownership and requests repair or replacement.,0,17.4,"Verified purchase date and warranty eligibility, then arranged repair or replacement based on coverage."
T00490,C0100,P003,2025-09-19T05:51,chat,high,damaged_delivery,-0.797,2,712,137,Package arrived with visible damage and the product casing is cracked.,0,7.1,Collected delivery evidence and arranged replacement or refund according to transit-damage policy.
T00491,C0150,P009,2025-01-14T15:14,email,medium,subscription,-0.413,3,611,34,Customer says a subscription renewed unexpectedly and requests cancellation guidance.,0,2.4,"Confirmed subscription status, cancelled future renewal where eligible, and reviewed refund eligibility for the latest charge."
T00492,C0047,P007,2025-12-16T01:02,chat,low,shipping_delay,0.701,2,763,53,Order has not arrived and tracking has shown no movement for several days.,0,10.6,"Reviewed tracking status and provided replacement, refund, or revised delivery guidance based on delay threshold."
T00493,C0119,P006,2025-09-09T23:11,chat,medium,payment_dispute,-0.469,2,580,43,Customer reports a duplicate charge and disputes the second transaction.,0,16.1,"Reviewed transaction records, confirmed the billing issue, and initiated correction or refund when appropriate."
T00494,C0041,P011,2026-06-08T17:26,email,medium,warranty,0.334,1,63,30,Customer reports a hardware failure after 63 days of ownership and requests repair or replacement.,0,12.3,"Verified purchase date and warranty eligibility, then arranged repair or replacement based on coverage."
T00495,C0154,P004,2025-01-04T22:11,email,medium,technical_issue,0.556,1,341,85,Product repeatedly disconnects during normal use even after a restart.,1,29.8,"Completed troubleshooting, checked warranty or service eligibility, and escalated unresolved hardware or software faults."
T00496,C0115,P002,2026-01-16T16:26,web,low,technical_issue,-0.71,1,256,99,Product repeatedly disconnects during normal use even after a restart.,1,41.6,"Completed troubleshooting, checked warranty or service eligibility, and escalated unresolved hardware or software faults."
T00497,C0075,P002,2025-06-13T09:06,phone,medium,shipping_delay,0.486,2,287,24,Customer says the delivery is overdue and asks for a replacement shipment or updated ETA.,0,18.6,"Reviewed tracking status and provided replacement, refund, or revised delivery guidance based on delay threshold."
T00498,C0051,P004,2025-08-09T03:03,email,,technical_issue,0.233,1,537,51,Product repeatedly disconnects during normal use even after a restart.,0,17.5,"Completed troubleshooting, checked warranty or service eligibility, and escalated unresolved hardware or software faults."
T00499,C0069,P008,2026-04-14T18:30,email,high,subscription,-0.808,0,365,82,Customer says a subscription renewed unexpectedly and requests cancellation guidance.,1,58.6,"Confirmed subscription status, cancelled future renewal where eligible, and reviewed refund eligibility for the latest charge."
T00500,C0047,P002,2025-05-19T02:42,chat,low,payment_dispute,1.0,0,713,32,Customer reports a duplicate charge and disputes the second transaction.,0,48.1,"Reviewed transaction records, confirmed the billing issue, and initiated correction or refund when appropriate."
T00501,C0105,P002,2026-04-18T02:10,,low,warranty,-0.896,1,349,30,The device stopped working after 349 days and the customer wants to know whether warranty coverage applies.,1,19.0,"Verified purchase date and warranty eligibility, then arranged repair or replacement based on coverage."
T00502,C0129,P006,2025-03-07T03:01,phone,high,payment_dispute,-0.098,3,722,104,Customer says the charged amount does not match the order total and requests a billing review.,1,24.4,"Reviewed transaction records, confirmed the billing issue, and initiated correction or refund when appropriate."
T00503,C0014,P004,2026-02-01T16:01,phone,medium,account_security,0.059,1,655,86,Customer believes someone accessed the account without permission and asks for urgent help.,0,25.3,"Secured the account, revoked active sessions, required credential reset, and escalated suspicious activity when needed."
T00504,C0031,P010,2026-06-12T05:42,email,medium,return_refund,,1,491,46,Customer requests a refund and asks what condition the item must be in for return approval.,0,26.7,"Checked return-window and item-condition requirements, then approved or declined the return with next steps."
T00505,C0147,P004,2025-03-03T06:26,phone,medium,return_refund,-0.371,3,856,39,Customer wants to return the product and asks whether the order is still inside the return window.,0,7.8,"Checked return-window and item-condition requirements, then approved or declined the return with next steps."
T00506,C0175,P004,2025-10-15T17:26,web,medium,damaged_delivery,0.13,1,779,6,Customer opened the shipment and found physical damage that appears to have happened in transit.,0,6.0,Collected delivery evidence and arranged replacement or refund according to transit-damage policy.
T00507,C0043,P011,2025-12-27T07:55,phone,,shipping_delay,0.288,1,527,34,Customer says the delivery is overdue and asks for a replacement shipment or updated ETA.,0,14.4,"Reviewed tracking status and provided replacement, refund, or revised delivery guidance based on delay threshold."
T00508,C0025,P003,2025-11-10T20:43,chat,high,warranty,-0.406,6,495,25,Customer reports a hardware failure after 495 days of ownership and requests repair or replacement.,1,27.3,"Verified purchase date and warranty eligibility, then arranged repair or replacement based on coverage."
T00509,C0136,P009,2026-07-25T00:23,chat,high,technical_issue,0.471,1,651,24,Customer reports an intermittent software issue that basic troubleshooting did not resolve.,0,12.3,"Completed troubleshooting, checked warranty or service eligibility, and escalated unresolved hardware or software faults."
T00510,C0012,P004,2025-08-02T03:32,phone,high,damaged_delivery,-0.459,0,658,46,Customer opened the shipment and found physical damage that appears to have happened in transit.,0,25.7,Collected delivery evidence and arranged replacement or refund according to transit-damage policy.
T00511,C0032,P012,2026-06-14T00:17,chat,low,payment_dispute,-0.172,2,267,12,Customer says the charged amount does not match the order total and requests a billing review.,1,28.2,"Reviewed transaction records, confirmed the billing issue, and initiated correction or refund when appropriate."
T00512,C0173,P001,2026-04-04T13:11,web,,payment_dispute,0.062,1,61,36,Customer says the charged amount does not match the order total and requests a billing review.,0,20.4,"Reviewed transaction records, confirmed the billing issue, and initiated correction or refund when appropriate."
T00513,C0009,P009,2025-10-27T18:45,phone,medium,damaged_delivery,0.729,2,132,11,Package arrived with visible damage and the product casing is cracked.,1,28.5,Collected delivery evidence and arranged replacement or refund according to transit-damage policy.
T00514,C0028,P009,2026-07-27T07:39,web,medium,damaged_delivery,-0.821,1,677,30,Customer opened the shipment and found physical damage that appears to have happened in transit.,1,17.8,Collected delivery evidence and arranged replacement or refund according to transit-damage policy.
T00515,C0129,P003,2025-10-28T06:24,web,high,payment_dispute,-0.85,1,241,26,Customer reports a duplicate charge and disputes the second transaction.,1,38.1,"Reviewed transaction records, confirmed the billing issue, and initiated correction or refund when appropriate."
T00516,C0112,P011,2026-01-07T11:16,email,high,payment_dispute,-0.05,1,672,96,Customer reports a duplicate charge and disputes the second transaction.,0,3.4,"Reviewed transaction records, confirmed the billing issue, and initiated correction or refund when appropriate."
T00517,C0003,P002,2025-01-11T14:13,phone,high,technical_issue,0.621,0,776,38,Customer reports an intermittent software issue that basic troubleshooting did not resolve.,0,12.6,"Completed troubleshooting, checked warranty or service eligibility, and escalated unresolved hardware or software faults."
T00518,C0079,P012,2025-01-04T12:01,phone,medium,return_refund,0.204,0,48,11,Customer wants to return the product and asks whether the order is still inside the return window.,0,1.4,"Checked return-window and item-condition requirements, then approved or declined the return with next steps."
T00519,C0102,P001,2025-04-11T22:33,phone,medium,return_refund,-0.101,2,137,29,Customer wants to return the product and asks whether the order is still inside the return window.,0,35.2,"Checked return-window and item-condition requirements, then approved or declined the return with next steps."
T00520,C0091,P011,2025-07-14T15:19,email,low,shipping_delay,0.139,4,51,7,Order has not arrived and tracking has shown no movement for several days.,0,21.8,"Reviewed tracking status and provided replacement, refund, or revised delivery guidance based on delay threshold."
T00521,C0021,P005,2026-07-15T02:54,chat,medium,technical_issue,-0.013,1,740,11,Product repeatedly disconnects during normal use even after a restart.,0,3.2,"Completed troubleshooting, checked warranty or service eligibility, and escalated unresolved hardware or software faults."
T00522,C0151,P006,2026-02-20T10:46,phone,high,warranty,0.566,2,27,33,The device stopped working after 27 days and the customer wants to know whether warranty coverage applies.,0,29.9,"Verified purchase date and warranty eligibility, then arranged repair or replacement based on coverage."
T00523,C0017,P005,2026-04-02T00:43,web,high,return_refund,-0.387,4,192,9,Customer wants to return the product and asks whether the order is still inside the return window.,1,34.4,"Checked return-window and item-condition requirements, then approved or declined the return with next steps."
T00524,C0149,P004,2026-06-29T02:39,email,high,shipping_delay,0.285,1,416,13,Order has not arrived and tracking has shown no movement for several days.,1,9.1,"Reviewed tracking status and provided replacement, refund, or revised delivery guidance based on delay threshold."
T00525,C0017,P005,2026-08-20T04:37,email,medium,technical_issue,-1.0,5,184,87,Product repeatedly disconnects during normal use even after a restart.,0,4.9,"Completed troubleshooting, checked warranty or service eligibility, and escalated unresolved hardware or software faults."
T00526,C0006,P005,2025-02-11T07:43,phone,,shipping_delay,-0.337,1,543,14,Order has not arrived and tracking has shown no movement for several days.,0,13.9,"Reviewed tracking status and provided replacement, refund, or revised delivery guidance based on delay threshold."
T00527,C0135,P001,2025-05-05T21:11,phone,medium,shipping_delay,0.704,0,806,47,Order has not arrived and tracking has shown no movement for several days.,0,9.7,"Reviewed tracking status and provided replacement, refund, or revised delivery guidance based on delay threshold."
T00528,C0005,P001,2025-03-12T09:18,phone,medium,warranty,0.765,1,487,116,Customer reports a hardware failure after 487 days of ownership and requests repair or replacement.,0,12.3,"Verified purchase date and warranty eligibility, then arranged repair or replacement based on coverage."
T00529,C0104,P009,2025-10-26T19:00,web,medium,return_refund,,3,664,108,Customer wants to return the product and asks whether the order is still inside the return window.,0,27.6,"Checked return-window and item-condition requirements, then approved or declined the return with next steps."
T00530,C0086,P008,2025-08-01T14:38,chat,high,technical_issue,-0.803,2,548,32,Product repeatedly disconnects during normal use even after a restart.,1,37.9,"Completed troubleshooting, checked warranty or service eligibility, and escalated unresolved hardware or software faults."
T00531,C0007,P001,2025-09-19T00:45,chat,medium,return_refund,-0.101,1,545,16,Customer requests a refund and asks what condition the item must be in for return approval.,0,39.2,"Checked return-window and item-condition requirements, then approved or declined the return with next steps."
T00532,C0170,P001,2025-01-30T21:56,web,medium,warranty,-1.0,2,331,3,Customer reports a hardware failure after 331 days of ownership and requests repair or replacement.,1,18.3,"Verified purchase date and warranty eligibility, then arranged repair or replacement based on coverage."
T00533,C0002,P009,2025-04-08T17:19,web,medium,account_security,0.18,1,815,12,Customer believes someone accessed the account without permission and asks for urgent help.,1,33.1,"Secured the account, revoked active sessions, required credential reset, and escalated suspicious activity when needed."
T00534,C0055,P002,2026-01-03T09:37,phone,high,payment_dispute,-0.262,1,439,36,Customer reports a duplicate charge and disputes the second transaction.,0,5.3,"Reviewed transaction records, confirmed the billing issue, and initiated correction or refund when appropriate."
T00535,C0086,P008,2025-10-20T05:14,web,medium,payment_dispute,0.154,0,635,89,Customer reports a duplicate charge and disputes the second transaction.,0,1.2,"Reviewed transaction records, confirmed the billing issue, and initiated correction or refund when appropriate."
T00536,C0027,P009,2025-05-22T17:52,phone,low,shipping_delay,0.684,2,402,41,Order has not arrived and tracking has shown no movement for several days.,0,5.3,"Reviewed tracking status and provided replacement, refund, or revised delivery guidance based on delay threshold."
T00537,C0161,P012,2026-02-17T09:07,email,high,technical_issue,-0.449,2,5,100,Customer reports an intermittent software issue that basic troubleshooting did not resolve.,0,10.3,"Completed troubleshooting, checked warranty or service eligibility, and escalated unresolved hardware or software faults."
T00538,C0009,P008,2025-05-12T16:23,email,,return_refund,1.0,1,713,21,Customer wants to return the product and asks whether the order is still inside the return window.,0,22.8,"Checked return-window and item-condition requirements, then approved or declined the return with next steps."
T00539,C0174,P005,2025-07-25T13:59,chat,medium,return_refund,0.32,2,10,87,Customer wants to return the product and asks whether the order is still inside the return window.,0,9.4,"Checked return-window and item-condition requirements, then approved or declined the return with next steps."
T00540,C0127,P008,2025-04-14T17:08,phone,low,technical_issue,-0.504,1,387,53,Customer reports an intermittent software issue that basic troubleshooting did not resolve.,0,47.5,"Completed troubleshooting, checked warranty or service eligibility, and escalated unresolved hardware or software faults."
T00541,C0167,P012,2025-07-08T23:35,email,medium,return_refund,0.136,1,364,7,Customer requests a refund and asks what condition the item must be in for return approval.,0,24.8,"Checked return-window and item-condition requirements, then approved or declined the return with next steps."
T00542,C0167,P008,2025-02-20T01:58,email,medium,account_security,-0.691,2,785,31,Customer believes someone accessed the account without permission and asks for urgent help.,1,18.6,"Secured the account, revoked active sessions, required credential reset, and escalated suspicious activity when needed."
T00543,C0053,P010,2025-10-07T13:05,email,medium,shipping_delay,-0.764,0,704,11,Order has not arrived and tracking has shown no movement for several days.,0,28.9,"Reviewed tracking status and provided replacement, refund, or revised delivery guidance based on delay threshold."
T00544,C0152,P011,2025-03-17T17:46,chat,urgent,damaged_delivery,-0.013,2,514,35,Package arrived with visible damage and the product casing is cracked.,1,44.9,Collected delivery evidence and arranged replacement or refund according to transit-damage policy.
T00545,C0173,P001,2026-01-30T03:53,email,medium,warranty,-1.0,1,338,54,The device stopped working after 338 days and the customer wants to know whether warranty coverage applies.,0,18.9,"Verified purchase date and warranty eligibility, then arranged repair or replacement based on coverage."
T00546,C0150,P008,2026-03-17T00:32,email,medium,damaged_delivery,-0.548,2,752,35,Package arrived with visible damage and the product casing is cracked.,0,2.2,Collected delivery evidence and arranged replacement or refund according to transit-damage policy.
T00547,C0141,P012,2025-09-26T00:38,phone,medium,return_refund,0.228,0,139,41,Customer requests a refund and asks what condition the item must be in for return approval.,0,5.5,"Checked return-window and item-condition requirements, then approved or declined the return with next steps."
T00548,C0114,P001,2025-11-30T23:58,chat,low,technical_issue,-0.443,2,693,110,Product repeatedly disconnects during normal use even after a restart.,1,12.1,"Completed troubleshooting, checked warranty or service eligibility, and escalated unresolved hardware or software faults."
T00549,C0085,P012,2025-01-08T08:28,chat,medium,payment_dispute,0.012,1,879,29,Customer reports a duplicate charge and disputes the second transaction.,0,2.8,"Reviewed transaction records, confirmed the billing issue, and initiated correction or refund when appropriate."
T00550,C0114,P011,2026-04-10T17:01,chat,high,subscription,0.212,2,777,11,Customer says a subscription renewed unexpectedly and requests cancellation guidance.,0,2.1,"Confirmed subscription status, cancelled future renewal where eligible, and reviewed refund eligibility for the latest charge."
T00551,C0127,P005,2025-11-13T10:23,phone,urgent,damaged_delivery,-0.694,2,575,31,Customer opened the shipment and found physical damage that appears to have happened in transit.,1,54.3,Collected delivery evidence and arranged replacement or refund according to transit-damage policy.
T00552,C0176,P007,2026-04-02T14:03,chat,high,payment_dispute,0.561,1,125,43,Customer says the charged amount does not match the order total and requests a billing review.,1,18.4,"Reviewed transaction records, confirmed the billing issue, and initiated correction or refund when appropriate."
T00553,C0100,P003,2025-11-22T16:18,email,urgent,account_security,-0.768,2,130,39,Customer reports an unfamiliar login and wants the account secured immediately.,1,41.8,"Secured the account, revoked active sessions, required credential reset, and escalated suspicious activity when needed."
T00554,C0095,P008,2025-03-08T06:34,chat,medium,damaged_delivery,0.327,1,184,90,Customer opened the shipment and found physical damage that appears to have happened in transit.,0,31.5,Collected delivery evidence and arranged replacement or refund according to transit-damage policy.
T00555,C0107,P003,2025-08-07T06:55,chat,low,return_refund,-0.135,0,824,40,Customer wants to return the product and asks whether the order is still inside the return window.,0,3.8,"Checked return-window and item-condition requirements, then approved or declined the return with next steps."
T00556,C0176,P012,2025-09-15T22:43,email,high,return_refund,-0.121,4,899,16,Customer requests a refund and asks what condition the item must be in for return approval.,0,12.4,"Checked return-window and item-condition requirements, then approved or declined the return with next steps."
T00557,C0139,P012,2025-12-14T20:40,chat,high,damaged_delivery,-0.012,1,837,45,Customer opened the shipment and found physical damage that appears to have happened in transit.,0,2.9,Collected delivery evidence and arranged replacement or refund according to transit-damage policy.
T00558,C0113,P002,2026-07-06T03:17,chat,low,subscription,0.216,2,226,40,Customer asks to cancel a recurring subscription and stop future renewal charges.,0,12.6,"Confirmed subscription status, cancelled future renewal where eligible, and reviewed refund eligibility for the latest charge."
T00559,C0019,P007,2026-07-05T20:00,web,high,warranty,-0.232,3,74,5,Customer reports a hardware failure after 74 days of ownership and requests repair or replacement.,0,9.3,"Verified purchase date and warranty eligibility, then arranged repair or replacement based on coverage."
T00560,C0064,P004,2025-11-04T03:32,email,medium,account_security,-0.014,2,398,5,Customer believes someone accessed the account without permission and asks for urgent help.,0,6.7,"Secured the account, revoked active sessions, required credential reset, and escalated suspicious activity when needed."
T00561,C0128,P005,2025-02-04T10:54,chat,medium,return_refund,-0.463,1,480,23,Customer requests a refund and asks what condition the item must be in for return approval.,0,19.0,"Checked return-window and item-condition requirements, then approved or declined the return with next steps."
T00562,C0113,P008,2025-02-23T13:19,email,medium,return_refund,-0.786,0,109,24,Customer wants to return the product and asks whether the order is still inside the return window.,1,14.7,"Checked return-window and item-condition requirements, then approved or declined the return with next steps."
T00563,C0173,P003,2026-04-10T23:57,chat,high,subscription,0.603,1,802,51,Customer says a subscription renewed unexpectedly and requests cancellation guidance.,0,12.4,"Confirmed subscription status, cancelled future renewal where eligible, and reviewed refund eligibility for the latest charge."
T00564,C0025,P003,2025-05-20T16:34,web,high,shipping_delay,0.05,1,164,21,Order has not arrived and tracking has shown no movement for several days.,1,24.2,"Reviewed tracking status and provided replacement, refund, or revised delivery guidance based on delay threshold."
T00565,C0037,P005,2025-02-01T03:38,phone,high,technical_issue,,0,259,108,Customer reports an intermittent software issue that basic troubleshooting did not resolve.,1,46.4,"Completed troubleshooting, checked warranty or service eligibility, and escalated unresolved hardware or software faults."
T00566,C0079,P005,2025-01-09T08:39,email,high,subscription,-0.963,0,854,52,Customer says a subscription renewed unexpectedly and requests cancellation guidance.,0,3.4,"Confirmed subscription status, cancelled future renewal where eligible, and reviewed refund eligibility for the latest charge."
T00567,C0060,P008,2026-03-11T04:22,chat,medium,warranty,,1,745,65,Customer reports a hardware failure after 745 days of ownership and requests repair or replacement.,0,48.3,"Verified purchase date and warranty eligibility, then arranged repair or replacement based on coverage."
T00568,C0027,P003,2025-10-30T16:09,chat,high,payment_dispute,-0.634,0,180,16,Customer says the charged amount does not match the order total and requests a billing review.,0,7.3,"Reviewed transaction records, confirmed the billing issue, and initiated correction or refund when appropriate."
T00569,C0115,P005,2026-03-21T06:24,web,medium,subscription,-0.888,0,771,46,Customer says a subscription renewed unexpectedly and requests cancellation guidance.,0,8.9,"Confirmed subscription status, cancelled future renewal where eligible, and reviewed refund eligibility for the latest charge."
T00570,C0174,P007,2025-11-22T13:45,web,low,payment_dispute,,2,481,108,Customer says the charged amount does not match the order total and requests a billing review.,1,30.8,"Reviewed transaction records, confirmed the billing issue, and initiated correction or refund when appropriate."
T00571,C0131,P011,2026-03-18T16:10,email,low,warranty,-0.873,0,378,44,The device stopped working after 378 days and the customer wants to know whether warranty coverage applies.,0,8.1,"Verified purchase date and warranty eligibility, then arranged repair or replacement based on coverage."
T00572,C0011,P005,2025-09-12T18:07,web,urgent,warranty,-0.246,1,59,56,The device stopped working after 59 days and the customer wants to know whether warranty coverage applies.,0,6.2,"Verified purchase date and warranty eligibility, then arranged repair or replacement based on coverage."
T00573,C0079,P010,2026-05-23T02:05,phone,medium,warranty,-0.04,0,546,79,Customer reports a hardware failure after 546 days of ownership and requests repair or replacement.,0,1.7,"Verified purchase date and warranty eligibility, then arranged repair or replacement based on coverage."
T00574,C0002,P001,2026-04-25T23:50,chat,medium,shipping_delay,-0.257,1,216,15,Customer says the delivery is overdue and asks for a replacement shipment or updated ETA.,1,20.2,"Reviewed tracking status and provided replacement, refund, or revised delivery guidance based on delay threshold."
T00575,C0050,P008,2026-06-21T09:56,chat,medium,account_security,-0.322,3,885,25,Customer reports an unfamiliar login and wants the account secured immediately.,1,7.3,"Secured the account, revoked active sessions, required credential reset, and escalated suspicious activity when needed."
T00576,C0151,P008,2025-01-13T17:40,phone,medium,subscription,-0.196,2,395,20,Customer says a subscription renewed unexpectedly and requests cancellation guidance.,1,25.5,"Confirmed subscription status, cancelled future renewal where eligible, and reviewed refund eligibility for the latest charge."
T00577,C0073,P002,2025-03-12T05:49,email,high,shipping_delay,-0.55,2,370,58,Customer says the delivery is overdue and asks for a replacement shipment or updated ETA.,0,12.7,"Reviewed tracking status and provided replacement, refund, or revised delivery guidance based on delay threshold."
T00578,C0119,P002,2026-01-07T05:40,email,medium,return_refund,-0.097,1,465,60,Customer requests a refund and asks what condition the item must be in for return approval.,1,47.5,"Checked return-window and item-condition requirements, then approved or declined the return with next steps."
T00579,C0029,P004,2026-06-06T12:03,chat,medium,warranty,0.253,3,177,58,The device stopped working after 177 days and the customer wants to know whether warranty coverage applies.,1,52.0,"Verified purchase date and warranty eligibility, then arranged repair or replacement based on coverage."
T00580,C0125,P008,2025-12-24T09:35,chat,low,technical_issue,0.161,0,50,106,Customer reports an intermittent software issue that basic troubleshooting did not resolve.,0,9.7,"Completed troubleshooting, checked warranty or service eligibility, and escalated unresolved hardware or software faults."
T00581,C0085,P001,2026-03-02T22:54,web,medium,technical_issue,0.749,2,622,34,Customer reports an intermittent software issue that basic troubleshooting did not resolve.,0,22.4,"Completed troubleshooting, checked warranty or service eligibility, and escalated unresolved hardware or software faults."
T00582,C0128,P006,2026-08-14T20:02,chat,medium,damaged_delivery,0.026,1,535,40,Package arrived with visible damage and the product casing is cracked.,0,13.1,Collected delivery evidence and arranged replacement or refund according to transit-damage policy.
T00583,C0136,P002,2025-04-02T14:00,phone,low,warranty,0.303,2,96,25,Customer reports a hardware failure after 96 days of ownership and requests repair or replacement.,1,37.0,"Verified purchase date and warranty eligibility, then arranged repair or replacement based on coverage."
T00584,C0091,P004,2026-03-05T04:51,email,low,technical_issue,0.178,1,150,73,Product repeatedly disconnects during normal use even after a restart.,0,20.8,"Completed troubleshooting, checked warranty or service eligibility, and escalated unresolved hardware or software faults."
T00585,C0125,P002,2026-07-04T03:43,phone,,return_refund,0.29,3,20,42,Customer requests a refund and asks what condition the item must be in for return approval.,0,9.3,"Checked return-window and item-condition requirements, then approved or declined the return with next steps."
T00586,C0104,P012,2025-12-24T17:06,email,urgent,return_refund,0.505,0,717,200,Customer requests a refund and asks what condition the item must be in for return approval.,0,9.0,"Checked return-window and item-condition requirements, then approved or declined the return with next steps."
T00587,C0151,P011,2025-07-03T09:26,email,medium,warranty,-0.15,1,413,84,Customer reports a hardware failure after 413 days of ownership and requests repair or replacement.,1,51.1,"Verified purchase date and warranty eligibility, then arranged repair or replacement based on coverage."
T00588,C0102,P002,2026-04-25T16:20,email,low,return_refund,0.426,1,874,58,Customer requests a refund and asks what condition the item must be in for return approval.,0,20.7,"Checked return-window and item-condition requirements, then approved or declined the return with next steps."
T00589,C0131,P010,2025-01-22T17:59,phone,high,return_refund,-1.0,2,180,36,Customer requests a refund and asks what condition the item must be in for return approval.,1,26.4,"Checked return-window and item-condition requirements, then approved or declined the return with next steps."
T00590,C0148,P010,2025-02-10T10:42,email,medium,return_refund,-1.0,0,438,155,Customer wants to return the product and asks whether the order is still inside the return window.,0,15.1,"Checked return-window and item-condition requirements, then approved or declined the return with next steps."
T00591,C0102,P001,2026-08-14T13:58,email,medium,shipping_delay,-0.372,2,790,5,Order has not arrived and tracking has shown no movement for several days.,0,2.9,"Reviewed tracking status and provided replacement, refund, or revised delivery guidance based on delay threshold."
T00592,C0061,P006,2025-12-01T08:02,chat,urgent,warranty,0.298,4,253,77,The device stopped working after 253 days and the customer wants to know whether warranty coverage applies.,1,21.9,"Verified purchase date and warranty eligibility, then arranged repair or replacement based on coverage."
T00593,C0004,P004,2025-01-22T16:50,phone,medium,damaged_delivery,0.127,2,423,46,Package arrived with visible damage and the product casing is cracked.,1,39.3,Collected delivery evidence and arranged replacement or refund according to transit-damage policy.
T00594,C0055,P001,2026-08-18T15:14,email,low,warranty,,0,458,44,Customer reports a hardware failure after 458 days of ownership and requests repair or replacement.,0,21.2,"Verified purchase date and warranty eligibility, then arranged repair or replacement based on coverage."
T00595,C0012,P012,2026-06-12T05:00,web,low,damaged_delivery,-0.209,0,754,38,Customer opened the shipment and found physical damage that appears to have happened in transit.,0,18.7,Collected delivery evidence and arranged replacement or refund according to transit-damage policy.
T00596,C0118,P005,2025-05-04T11:59,chat,medium,return_refund,0.392,0,807,22,Customer wants to return the product and asks whether the order is still inside the return window.,0,2.7,"Checked return-window and item-condition requirements, then approved or declined the return with next steps."
T00597,C0174,P012,2025-01-09T21:26,email,low,return_refund,-0.25,3,593,11,Customer requests a refund and asks what condition the item must be in for return approval.,0,3.8,"Checked return-window and item-condition requirements, then approved or declined the return with next steps."
T00598,C0070,P004,2026-01-22T12:35,chat,medium,technical_issue,-0.337,1,515,57,Customer reports an intermittent software issue that basic troubleshooting did not resolve.,0,11.6,"Completed troubleshooting, checked warranty or service eligibility, and escalated unresolved hardware or software faults."
T00599,C0102,P003,2025-03-21T01:34,chat,high,return_refund,-0.203,0,587,24,Customer requests a refund and asks what condition the item must be in for return approval.,0,20.1,"Checked return-window and item-condition requirements, then approved or declined the return with next steps."
T00600,C0173,P008,2026-06-03T23:17,email,low,warranty,-0.017,2,600,52,The device stopped working after 600 days and the customer wants to know whether warranty coverage applies.,1,13.1,"Verified purchase date and warranty eligibility, then arranged repair or replacement based on coverage."
T00601,C0139,P004,2025-07-15T10:35,email,high,technical_issue,-0.673,1,732,23,Product repeatedly disconnects during normal use even after a restart.,1,35.6,"Completed troubleshooting, checked warranty or service eligibility, and escalated unresolved hardware or software faults."
T00602,C0155,P001,2025-05-19T07:14,email,low,damaged_delivery,-0.093,0,67,59,Customer opened the shipment and found physical damage that appears to have happened in transit.,1,23.1,Collected delivery evidence and arranged replacement or refund according to transit-damage policy.
T00603,C0089,P006,2025-01-28T21:31,email,medium,technical_issue,,2,859,12,Product repeatedly disconnects during normal use even after a restart.,0,10.4,"Completed troubleshooting, checked warranty or service eligibility, and escalated unresolved hardware or software faults."
T00604,C0002,P002,2025-04-02T08:09,phone,high,payment_dispute,-1.0,1,51,130,Customer says the charged amount does not match the order total and requests a billing review.,1,38.0,"Reviewed transaction records, confirmed the billing issue, and initiated correction or refund when appropriate."
T00605,C0025,P002,2026-07-27T20:05,web,medium,account_security,-0.03,0,710,46,Customer reports an unfamiliar login and wants the account secured immediately.,0,13.7,"Secured the account, revoked active sessions, required credential reset, and escalated suspicious activity when needed."
T00606,C0164,P012,2025-12-22T15:51,email,high,damaged_delivery,-0.828,1,171,28,Customer opened the shipment and found physical damage that appears to have happened in transit.,0,9.9,Collected delivery evidence and arranged replacement or refund according to transit-damage policy.
T00607,C0125,P007,2025-07-02T04:19,phone,medium,shipping_delay,0.853,1,556,31,Customer says the delivery is overdue and asks for a replacement shipment or updated ETA.,1,52.1,"Reviewed tracking status and provided replacement, refund, or revised delivery guidance based on delay threshold."
T00608,C0085,P010,2026-08-18T06:11,phone,medium,subscription,0.47,3,586,35,Customer says a subscription renewed unexpectedly and requests cancellation guidance.,0,13.9,"Confirmed subscription status, cancelled future renewal where eligible, and reviewed refund eligibility for the latest charge."
T00609,C0051,P007,2026-03-01T17:53,chat,low,return_refund,0.425,3,745,25,Customer requests a refund and asks what condition the item must be in for return approval.,0,8.5,"Checked return-window and item-condition requirements, then approved or declined the return with next steps."
T00610,C0134,P011,2025-11-06T08:37,email,medium,shipping_delay,-0.003,2,686,68,Customer says the delivery is overdue and asks for a replacement shipment or updated ETA.,0,36.2,"Reviewed tracking status and provided replacement, refund, or revised delivery guidance based on delay threshold."
T00611,C0102,P010,2026-02-19T04:11,web,medium,warranty,0.12,4,374,52,Customer reports a hardware failure after 374 days of ownership and requests repair or replacement.,0,9.1,"Verified purchase date and warranty eligibility, then arranged repair or replacement based on coverage."
T00612,C0056,P002,2025-11-07T18:58,email,medium,damaged_delivery,0.184,1,60,20,Customer opened the shipment and found physical damage that appears to have happened in transit.,1,10.2,Collected delivery evidence and arranged replacement or refund according to transit-damage policy.
T00613,C0056,P002,2025-04-22T07:57,web,medium,subscription,0.177,5,298,13,Customer says a subscription renewed unexpectedly and requests cancellation guidance.,0,27.7,"Confirmed subscription status, cancelled future renewal where eligible, and reviewed refund eligibility for the latest charge."
T00614,C0161,P011,2025-05-04T13:45,email,high,warranty,0.089,2,313,62,Customer reports a hardware failure after 313 days of ownership and requests repair or replacement.,0,6.0,"Verified purchase date and warranty eligibility, then arranged repair or replacement based on coverage."
T00615,C0039,P009,2025-11-02T09:35,email,low,warranty,-1.0,4,122,118,Customer reports a hardware failure after 122 days of ownership and requests repair or replacement.,1,16.1,"Verified purchase date and warranty eligibility, then arranged repair or replacement based on coverage."
T00616,C0176,P007,2025-12-29T00:10,phone,medium,damaged_delivery,-0.803,3,3,29,Customer opened the shipment and found physical damage that appears to have happened in transit.,1,16.1,Collected delivery evidence and arranged replacement or refund according to transit-damage policy.
T00617,C0081,P010,2025-12-05T15:59,chat,low,technical_issue,-1.0,2,27,34,Product repeatedly disconnects during normal use even after a restart.,0,6.8,"Completed troubleshooting, checked warranty or service eligibility, and escalated unresolved hardware or software faults."
T00618,C0065,P007,2026-04-13T16:18,web,medium,payment_dispute,-0.656,3,612,11,Customer reports a duplicate charge and disputes the second transaction.,1,40.9,"Reviewed transaction records, confirmed the billing issue, and initiated correction or refund when appropriate."
T00619,C0116,P003,2025-11-10T13:32,email,low,warranty,-0.729,3,851,68,The device stopped working after 851 days and the customer wants to know whether warranty coverage applies.,0,9.9,"Verified purchase date and warranty eligibility, then arranged repair or replacement based on coverage."
T00620,C0003,P002,2026-02-09T15:31,web,low,return_refund,0.148,3,572,89,Customer requests a refund and asks what condition the item must be in for return approval.,0,12.9,"Checked return-window and item-condition requirements, then approved or declined the return with next steps."
T00621,C0170,P002,2026-04-15T11:51,chat,medium,account_security,0.355,0,87,32,Customer reports an unfamiliar login and wants the account secured immediately.,0,10.8,"Secured the account, revoked active sessions, required credential reset, and escalated suspicious activity when needed."
T00622,C0121,P004,2025-07-25T17:24,chat,medium,technical_issue,-1.0,0,279,9,Product repeatedly disconnects during normal use even after a restart.,1,23.5,"Completed troubleshooting, checked warranty or service eligibility, and escalated unresolved hardware or software faults."
T00623,C0084,P002,2026-01-11T15:01,,medium,subscription,-0.76,0,741,28,Customer asks to cancel a recurring subscription and stop future renewal charges.,0,20.5,"Confirmed subscription status, cancelled future renewal where eligible, and reviewed refund eligibility for the latest charge."
T00624,C0051,P007,2026-02-23T20:20,phone,,technical_issue,0.47,0,343,19,Product repeatedly disconnects during normal use even after a restart.,1,71.5,"Completed troubleshooting, checked warranty or service eligibility, and escalated unresolved hardware or software faults."
T00625,C0053,P003,2025-08-26T18:21,web,high,shipping_delay,0.1,0,822,53,Customer says the delivery is overdue and asks for a replacement shipment or updated ETA.,0,47.2,"Reviewed tracking status and provided replacement, refund, or revised delivery guidance based on delay threshold."
T00626,C0113,P002,2025-08-09T13:45,chat,medium,damaged_delivery,,0,346,94,Customer opened the shipment and found physical damage that appears to have happened in transit.,0,24.7,Collected delivery evidence and arranged replacement or refund according to transit-damage policy.
T00627,C0135,P003,2026-01-17T03:12,web,urgent,technical_issue,0.191,2,791,2,Customer reports an intermittent software issue that basic troubleshooting did not resolve.,1,23.9,"Completed troubleshooting, checked warranty or service eligibility, and escalated unresolved hardware or software faults."
T00628,C0024,P008,2026-03-01T01:15,email,high,technical_issue,0.455,3,395,10,Product repeatedly disconnects during normal use even after a restart.,1,24.4,"Completed troubleshooting, checked warranty or service eligibility, and escalated unresolved hardware or software faults."
T00629,C0065,P001,2025-09-02T11:42,web,medium,subscription,-0.435,0,86,82,Customer asks to cancel a recurring subscription and stop future renewal charges.,1,61.8,"Confirmed subscription status, cancelled future renewal where eligible, and reviewed refund eligibility for the latest charge."
T00630,C0166,P008,2026-02-20T12:13,chat,medium,warranty,-0.288,3,674,55,Customer reports a hardware failure after 674 days of ownership and requests repair or replacement.,0,10.4,"Verified purchase date and warranty eligibility, then arranged repair or replacement based on coverage."
T00631,C0031,P009,2026-04-09T16:14,web,medium,subscription,0.221,2,835,11,Customer asks to cancel a recurring subscription and stop future renewal charges.,0,10.7,"Confirmed subscription status, cancelled future renewal where eligible, and reviewed refund eligibility for the latest charge."
T00632,C0044,P003,2026-07-06T19:18,,low,technical_issue,-0.189,2,193,88,Customer reports an intermittent software issue that basic troubleshooting did not resolve.,0,22.5,"Completed troubleshooting, checked warranty or service eligibility, and escalated unresolved hardware or software faults."
T00633,C0050,P006,2025-09-11T09:24,email,high,damaged_delivery,0.496,2,562,56,Package arrived with visible damage and the product casing is cracked.,0,25.0,Collected delivery evidence and arranged replacement or refund according to transit-damage policy.
T00634,C0073,P003,2025-03-19T23:19,chat,medium,payment_dispute,,2,699,21,Customer says the charged amount does not match the order total and requests a billing review.,1,17.2,"Reviewed transaction records, confirmed the billing issue, and initiated correction or refund when appropriate."
T00635,C0069,P010,2026-06-23T05:19,email,medium,payment_dispute,-0.395,0,227,77,Customer reports a duplicate charge and disputes the second transaction.,0,6.9,"Reviewed transaction records, confirmed the billing issue, and initiated correction or refund when appropriate."
T00636,C0132,P010,2025-04-19T16:15,chat,low,technical_issue,0.776,1,175,23,Product repeatedly disconnects during normal use even after a restart.,0,22.0,"Completed troubleshooting, checked warranty or service eligibility, and escalated unresolved hardware or software faults."
T00637,C0178,P006,2025-06-28T18:52,chat,medium,return_refund,-0.407,2,865,43,Customer requests a refund and asks what condition the item must be in for return approval.,0,26.2,"Checked return-window and item-condition requirements, then approved or declined the return with next steps."
T00638,C0179,P011,2026-06-27T11:57,phone,high,return_refund,0.153,2,279,31,Customer wants to return the product and asks whether the order is still inside the return window.,0,10.2,"Checked return-window and item-condition requirements, then approved or declined the return with next steps."
T00639,C0095,P002,2025-03-21T08:11,email,medium,shipping_delay,-0.395,2,548,30,Order has not arrived and tracking has shown no movement for several days.,0,43.1,"Reviewed tracking status and provided replacement, refund, or revised delivery guidance based on delay threshold."
T00640,C0127,P002,2025-03-13T11:38,phone,medium,warranty,-0.66,3,162,76,Customer reports a hardware failure after 162 days of ownership and requests repair or replacement.,0,2.3,"Verified purchase date and warranty eligibility, then arranged repair or replacement based on coverage."
T00641,C0160,P011,2025-02-11T16:57,web,medium,return_refund,0.241,4,31,21,Customer wants to return the product and asks whether the order is still inside the return window.,0,26.9,"Checked return-window and item-condition requirements, then approved or declined the return with next steps."
T00642,C0041,P001,2025-01-07T13:28,chat,low,payment_dispute,-0.382,0,688,92,Customer says the charged amount does not match the order total and requests a billing review.,0,9.4,"Reviewed transaction records, confirmed the billing issue, and initiated correction or refund when appropriate."
T00643,C0083,P006,2025-12-05T00:05,phone,medium,damaged_delivery,0.06,2,348,26,Package arrived with visible damage and the product casing is cracked.,0,9.1,Collected delivery evidence and arranged replacement or refund according to transit-damage policy.
T00644,C0032,P002,2025-10-14T11:07,phone,low,account_security,-0.633,1,807,28,Customer reports an unfamiliar login and wants the account secured immediately.,0,14.6,"Secured the account, revoked active sessions, required credential reset, and escalated suspicious activity when needed."
T00645,C0106,P001,2025-04-06T01:02,web,high,subscription,-0.195,2,350,61,Customer says a subscription renewed unexpectedly and requests cancellation guidance.,1,29.2,"Confirmed subscription status, cancelled future renewal where eligible, and reviewed refund eligibility for the latest charge."
T00646,C0057,P009,2026-07-04T19:45,phone,high,technical_issue,0.175,1,437,48,Customer reports an intermittent software issue that basic troubleshooting did not resolve.,0,28.4,"Completed troubleshooting, checked warranty or service eligibility, and escalated unresolved hardware or software faults."
T00647,C0041,P001,2025-07-21T18:35,email,medium,shipping_delay,0.269,0,69,81,Customer says the delivery is overdue and asks for a replacement shipment or updated ETA.,0,41.5,"Reviewed tracking status and provided replacement, refund, or revised delivery guidance based on delay threshold."
T00648,C0160,P012,2025-02-11T00:43,email,high,technical_issue,,0,225,46,Customer reports an intermittent software issue that basic troubleshooting did not resolve.,1,23.4,"Completed troubleshooting, checked warranty or service eligibility, and escalated unresolved hardware or software faults."
T00649,C0067,P007,2025-05-30T01:58,email,medium,damaged_delivery,-0.673,1,723,47,Customer opened the shipment and found physical damage that appears to have happened in transit.,1,19.7,Collected delivery evidence and arranged replacement or refund according to transit-damage policy.
T00650,C0108,P008,2026-01-11T01:43,email,medium,shipping_delay,-0.413,1,842,24,Order has not arrived and tracking has shown no movement for several days.,0,41.9,"Reviewed tracking status and provided replacement, refund, or revised delivery guidance based on delay threshold."
T00651,C0032,P003,2025-09-18T01:04,chat,medium,payment_dispute,-0.022,2,839,58,Customer reports a duplicate charge and disputes the second transaction.,1,16.2,"Reviewed transaction records, confirmed the billing issue, and initiated correction or refund when appropriate."
T00652,C0137,P002,2026-04-10T19:19,chat,high,warranty,-0.28,1,640,58,Customer reports a hardware failure after 640 days of ownership and requests repair or replacement.,1,13.1,"Verified purchase date and warranty eligibility, then arranged repair or replacement based on coverage."
T00653,C0043,P006,2026-01-14T02:33,email,medium,payment_dispute,-0.723,1,219,95,Customer says the charged amount does not match the order total and requests a billing review.,0,13.0,"Reviewed transaction records, confirmed the billing issue, and initiated correction or refund when appropriate."
T00654,C0124,P005,2026-01-14T19:38,email,,shipping_delay,0.273,3,491,80,Order has not arrived and tracking has shown no movement for several days.,0,3.6,"Reviewed tracking status and provided replacement, refund, or revised delivery guidance based on delay threshold."
T00655,C0022,P010,2025-11-09T18:11,chat,high,warranty,0.007,2,66,20,The device stopped working after 66 days and the customer wants to know whether warranty coverage applies.,1,76.7,"Verified purchase date and warranty eligibility, then arranged repair or replacement based on coverage."
T00656,C0153,P003,2026-07-23T02:29,email,medium,technical_issue,-0.011,0,615,23,Customer reports an intermittent software issue that basic troubleshooting did not resolve.,0,2.8,"Completed troubleshooting, checked warranty or service eligibility, and escalated unresolved hardware or software faults."
T00657,C0133,P009,2026-01-27T22:06,chat,high,warranty,0.668,2,857,74,Customer reports a hardware failure after 857 days of ownership and requests repair or replacement.,0,8.8,"Verified purchase date and warranty eligibility, then arranged repair or replacement based on coverage."
T00658,C0168,P011,2025-08-17T13:23,phone,medium,return_refund,-0.477,0,587,32,Customer wants to return the product and asks whether the order is still inside the return window.,0,15.2,"Checked return-window and item-condition requirements, then approved or declined the return with next steps."
T00659,C0019,P007,2026-07-12T23:22,chat,low,shipping_delay,-0.309,3,240,13,Order has not arrived and tracking has shown no movement for several days.,0,32.0,"Reviewed tracking status and provided replacement, refund, or revised delivery guidance based on delay threshold."
T00660,C0086,P004,2025-08-06T23:42,email,urgent,shipping_delay,0.192,5,190,25,Order has not arrived and tracking has shown no movement for several days.,1,14.6,"Reviewed tracking status and provided replacement, refund, or revised delivery guidance based on delay threshold."
T00661,C0093,P007,2025-12-31T10:19,email,medium,technical_issue,0.089,3,386,83,Product repeatedly disconnects during normal use even after a restart.,0,6.2,"Completed troubleshooting, checked warranty or service eligibility, and escalated unresolved hardware or software faults."
T00662,C0051,P005,2025-09-20T23:58,email,high,warranty,-0.721,0,136,35,Customer reports a hardware failure after 136 days of ownership and requests repair or replacement.,1,77.7,"Verified purchase date and warranty eligibility, then arranged repair or replacement based on coverage."
T00663,C0075,P011,2026-06-12T05:18,,medium,subscription,-0.224,3,648,9,Customer asks to cancel a recurring subscription and stop future renewal charges.,0,10.8,"Confirmed subscription status, cancelled future renewal where eligible, and reviewed refund eligibility for the latest charge."
T00664,C0175,P008,2026-08-05T09:41,phone,high,technical_issue,0.275,2,509,50,Product repeatedly disconnects during normal use even after a restart.,1,37.6,"Completed troubleshooting, checked warranty or service eligibility, and escalated unresolved hardware or software faults."
T00665,C0100,P003,2025-06-07T15:13,chat,low,return_refund,0.253,2,386,11,Customer wants to return the product and asks whether the order is still inside the return window.,0,12.1,"Checked return-window and item-condition requirements, then approved or declined the return with next steps."
T00666,C0180,P005,2025-12-02T19:18,chat,medium,technical_issue,-1.0,1,763,65,Customer reports an intermittent software issue that basic troubleshooting did not resolve.,0,14.9,"Completed troubleshooting, checked warranty or service eligibility, and escalated unresolved hardware or software faults."
T00667,C0042,P011,2026-07-16T11:33,chat,medium,payment_dispute,-0.669,1,591,26,Customer reports a duplicate charge and disputes the second transaction.,1,20.8,"Reviewed transaction records, confirmed the billing issue, and initiated correction or refund when appropriate."
T00668,C0015,P004,2025-03-14T20:55,email,medium,payment_dispute,-0.179,1,808,15,Customer says the charged amount does not match the order total and requests a billing review.,0,10.3,"Reviewed transaction records, confirmed the billing issue, and initiated correction or refund when appropriate."
T00669,C0123,P010,2026-08-23T04:09,phone,high,return_refund,-0.424,1,794,14,Customer requests a refund and asks what condition the item must be in for return approval.,0,10.1,"Checked return-window and item-condition requirements, then approved or declined the return with next steps."
T00670,C0132,P012,2026-07-06T10:22,email,high,warranty,0.133,1,337,19,Customer reports a hardware failure after 337 days of ownership and requests repair or replacement.,0,5.2,"Verified purchase date and warranty eligibility, then arranged repair or replacement based on coverage."
T00671,C0029,P010,2025-03-06T18:00,web,medium,payment_dispute,1.0,1,607,61,Customer says the charged amount does not match the order total and requests a billing review.,0,18.2,"Reviewed transaction records, confirmed the billing issue, and initiated correction or refund when appropriate."
T00672,C0077,P002,2025-01-03T05:20,web,low,return_refund,-0.711,1,495,25,Customer requests a refund and asks what condition the item must be in for return approval.,1,21.5,"Checked return-window and item-condition requirements, then approved or declined the return with next steps."
T00673,C0064,P010,2025-07-16T02:26,email,high,technical_issue,0.137,1,694,31,Customer reports an intermittent software issue that basic troubleshooting did not resolve.,0,9.1,"Completed troubleshooting, checked warranty or service eligibility, and escalated unresolved hardware or software faults."
T00674,C0053,P003,2026-03-21T18:01,email,low,return_refund,-0.023,0,99,23,Customer wants to return the product and asks whether the order is still inside the return window.,0,14.3,"Checked return-window and item-condition requirements, then approved or declined the return with next steps."
T00675,C0138,P003,2026-06-15T03:22,chat,medium,return_refund,0.29,2,32,50,Customer wants to return the product and asks whether the order is still inside the return window.,0,21.1,"Checked return-window and item-condition requirements, then approved or declined the return with next steps."
T00676,C0131,P005,2026-05-19T00:25,,,payment_dispute,0.431,1,457,117,Customer reports a duplicate charge and disputes the second transaction.,0,18.1,"Reviewed transaction records, confirmed the billing issue, and initiated correction or refund when appropriate."
T00677,C0097,P003,2026-01-02T01:19,phone,medium,shipping_delay,0.304,2,139,55,Order has not arrived and tracking has shown no movement for several days.,0,1.9,"Reviewed tracking status and provided replacement, refund, or revised delivery guidance based on delay threshold."
T00678,C0004,P011,2025-05-31T14:47,web,low,warranty,-0.077,2,161,84,Customer reports a hardware failure after 161 days of ownership and requests repair or replacement.,0,8.4,"Verified purchase date and warranty eligibility, then arranged repair or replacement based on coverage."
T00679,C0173,P005,2025-10-16T03:29,email,high,account_security,-1.0,1,692,32,Customer reports an unfamiliar login and wants the account secured immediately.,1,14.8,"Secured the account, revoked active sessions, required credential reset, and escalated suspicious activity when needed."
T00680,C0018,P004,2026-03-15T17:45,phone,high,warranty,0.813,2,894,60,The device stopped working after 894 days and the customer wants to know whether warranty coverage applies.,1,25.2,"Verified purchase date and warranty eligibility, then arranged repair or replacement based on coverage."
T00681,C0028,P006,2025-05-25T18:46,email,medium,damaged_delivery,,2,296,56,Package arrived with visible damage and the product casing is cracked.,0,39.8,Collected delivery evidence and arranged replacement or refund according to transit-damage policy.
T00682,C0036,P009,2025-08-04T03:16,email,medium,technical_issue,0.049,0,505,26,Product repeatedly disconnects during normal use even after a restart.,0,6.9,"Completed troubleshooting, checked warranty or service eligibility, and escalated unresolved hardware or software faults."
T00683,C0028,P012,2025-03-17T05:33,web,low,damaged_delivery,0.755,0,469,84,Package arrived with visible damage and the product casing is cracked.,0,14.4,Collected delivery evidence and arranged replacement or refund according to transit-damage policy.
T00684,C0074,P010,2025-06-15T08:40,web,urgent,technical_issue,-0.395,1,256,66,Product repeatedly disconnects during normal use even after a restart.,1,13.7,"Completed troubleshooting, checked warranty or service eligibility, and escalated unresolved hardware or software faults."
T00685,C0177,P009,2026-06-10T13:46,email,medium,return_refund,-0.682,4,886,47,Customer wants to return the product and asks whether the order is still inside the return window.,1,16.1,"Checked return-window and item-condition requirements, then approved or declined the return with next steps."
T00686,C0002,P012,2025-09-17T08:02,email,low,shipping_delay,0.32,1,200,211,Customer says the delivery is overdue and asks for a replacement shipment or updated ETA.,0,6.8,"Reviewed tracking status and provided replacement, refund, or revised delivery guidance based on delay threshold."
T00687,C0073,P010,2025-03-05T13:37,email,medium,technical_issue,0.09,1,150,161,Customer reports an intermittent software issue that basic troubleshooting did not resolve.,0,18.1,"Completed troubleshooting, checked warranty or service eligibility, and escalated unresolved hardware or software faults."
T00688,C0007,P001,2025-12-08T10:12,chat,high,damaged_delivery,0.054,1,294,26,Customer opened the shipment and found physical damage that appears to have happened in transit.,0,10.5,Collected delivery evidence and arranged replacement or refund according to transit-damage policy.
T00689,C0133,P002,2026-05-11T23:26,phone,urgent,account_security,0.537,0,785,23,Customer believes someone accessed the account without permission and asks for urgent help.,0,21.3,"Secured the account, revoked active sessions, required credential reset, and escalated suspicious activity when needed."
T00690,C0083,P006,2025-06-13T23:02,email,low,subscription,0.384,0,568,22,Customer asks to cancel a recurring subscription and stop future renewal charges.,0,20.4,"Confirmed subscription status, cancelled future renewal where eligible, and reviewed refund eligibility for the latest charge."
T00691,C0059,P008,2025-03-26T16:45,chat,medium,damaged_delivery,-0.269,1,296,54,Package arrived with visible damage and the product casing is cracked.,1,5.1,Collected delivery evidence and arranged replacement or refund according to transit-damage policy.
T00692,C0128,P010,2025-08-12T23:28,chat,high,return_refund,-0.858,0,784,29,Customer requests a refund and asks what condition the item must be in for return approval.,0,19.2,"Checked return-window and item-condition requirements, then approved or declined the return with next steps."
T00693,C0073,P009,2025-02-15T01:19,phone,medium,shipping_delay,-0.873,0,179,51,Customer says the delivery is overdue and asks for a replacement shipment or updated ETA.,0,14.8,"Reviewed tracking status and provided replacement, refund, or revised delivery guidance based on delay threshold."
T00694,C0148,P005,2026-04-29T01:51,email,low,return_refund,-0.171,0,847,9,Customer requests a refund and asks what condition the item must be in for return approval.,0,4.1,"Checked return-window and item-condition requirements, then approved or declined the return with next steps."
T00695,C0032,P001,2025-05-24T07:04,email,high,return_refund,0.08,1,387,96,Customer wants to return the product and asks whether the order is still inside the return window.,0,11.0,"Checked return-window and item-condition requirements, then approved or declined the return with next steps."
T00696,C0136,P006,2025-07-16T02:07,email,medium,subscription,0.203,3,24,32,Customer asks to cancel a recurring subscription and stop future renewal charges.,0,9.9,"Confirmed subscription status, cancelled future renewal where eligible, and reviewed refund eligibility for the latest charge."
T00697,C0019,P006,2026-05-05T07:28,email,medium,payment_dispute,-0.332,3,174,10,Customer says the charged amount does not match the order total and requests a billing review.,1,43.0,"Reviewed transaction records, confirmed the billing issue, and initiated correction or refund when appropriate."
T00698,C0137,P010,2026-07-13T16:46,phone,high,technical_issue,-0.675,2,138,30,Product repeatedly disconnects during normal use even after a restart.,1,7.9,"Completed troubleshooting, checked warranty or service eligibility, and escalated unresolved hardware or software faults."
T00699,C0161,P002,2026-08-16T06:34,web,low,warranty,0.156,2,424,30,Customer reports a hardware failure after 424 days of ownership and requests repair or replacement.,0,6.0,"Verified purchase date and warranty eligibility, then arranged repair or replacement based on coverage."
T00700,C0097,P003,2025-07-03T23:56,chat,low,payment_dispute,-0.262,0,272,12,Customer reports a duplicate charge and disputes the second transaction.,0,7.2,"Reviewed transaction records, confirmed the billing issue, and initiated correction or refund when appropriate."
T00701,C0075,P003,2026-06-24T00:32,email,medium,account_security,0.118,1,466,47,Customer reports an unfamiliar login and wants the account secured immediately.,1,54.7,"Secured the account, revoked active sessions, required credential reset, and escalated suspicious activity when needed."
T00702,C0143,P003,2026-01-25T18:57,chat,low,return_refund,-1.0,1,54,22,Customer wants to return the product and asks whether the order is still inside the return window.,0,12.9,"Checked return-window and item-condition requirements, then approved or declined the return with next steps."
T00703,C0142,P009,2026-06-01T10:26,phone,medium,return_refund,,1,32,77,Customer requests a refund and asks what condition the item must be in for return approval.,1,63.8,"Checked return-window and item-condition requirements, then approved or declined the return with next steps."
T00704,C0104,P012,2025-08-30T03:40,web,medium,technical_issue,,0,534,10,Product repeatedly disconnects during normal use even after a restart.,0,24.4,"Completed troubleshooting, checked warranty or service eligibility, and escalated unresolved hardware or software faults."
T00705,C0036,P012,2025-07-20T21:47,chat,high,shipping_delay,-0.303,0,615,55,Order has not arrived and tracking has shown no movement for several days.,0,16.1,"Reviewed tracking status and provided replacement, refund, or revised delivery guidance based on delay threshold."
T00706,C0040,P012,2026-05-01T05:01,email,high,technical_issue,1.0,0,779,116,Product repeatedly disconnects during normal use even after a restart.,0,23.0,"Completed troubleshooting, checked warranty or service eligibility, and escalated unresolved hardware or software faults."
T00707,C0170,P005,2025-06-07T23:30,email,,payment_dispute,-0.983,1,813,85,Customer reports a duplicate charge and disputes the second transaction.,1,31.1,"Reviewed transaction records, confirmed the billing issue, and initiated correction or refund when appropriate."
T00708,C0179,P008,2026-06-29T08:05,chat,medium,account_security,0.076,1,72,31,Customer believes someone accessed the account without permission and asks for urgent help.,1,11.2,"Secured the account, revoked active sessions, required credential reset, and escalated suspicious activity when needed."
T00709,C0170,P009,2026-02-11T00:44,phone,medium,subscription,-0.77,2,538,32,Customer says a subscription renewed unexpectedly and requests cancellation guidance.,1,24.0,"Confirmed subscription status, cancelled future renewal where eligible, and reviewed refund eligibility for the latest charge."
T00710,C0093,P003,2025-03-24T14:09,chat,high,technical_issue,0.496,1,820,20,Customer reports an intermittent software issue that basic troubleshooting did not resolve.,1,12.3,"Completed troubleshooting, checked warranty or service eligibility, and escalated unresolved hardware or software faults."
T00711,C0135,P007,2026-01-29T15:55,phone,medium,account_security,0.544,1,456,23,Customer reports an unfamiliar login and wants the account secured immediately.,0,16.7,"Secured the account, revoked active sessions, required credential reset, and escalated suspicious activity when needed."
T00712,C0027,P010,2025-03-16T11:23,chat,high,return_refund,-0.666,2,590,36,Customer requests a refund and asks what condition the item must be in for return approval.,0,5.6,"Checked return-window and item-condition requirements, then approved or declined the return with next steps."
T00713,C0150,P005,2025-06-11T07:18,email,medium,payment_dispute,-0.581,3,334,19,Customer says the charged amount does not match the order total and requests a billing review.,0,4.1,"Reviewed transaction records, confirmed the billing issue, and initiated correction or refund when appropriate."
T00714,C0108,P007,2026-04-16T04:56,chat,,return_refund,,2,761,88,Customer requests a refund and asks what condition the item must be in for return approval.,0,12.8,"Checked return-window and item-condition requirements, then approved or declined the return with next steps."
T00715,C0141,P008,2026-06-06T19:35,chat,low,return_refund,0.661,1,766,24,Customer requests a refund and asks what condition the item must be in for return approval.,0,6.8,"Checked return-window and item-condition requirements, then approved or declined the return with next steps."
T00716,C0056,P003,2025-10-27T20:35,chat,low,warranty,0.677,2,277,8,Customer reports a hardware failure after 277 days of ownership and requests repair or replacement.,0,5.3,"Verified purchase date and warranty eligibility, then arranged repair or replacement based on coverage."
T00717,C0035,P009,2025-09-05T04:47,email,medium,account_security,0.831,0,751,51,Customer believes someone accessed the account without permission and asks for urgent help.,0,15.5,"Secured the account, revoked active sessions, required credential reset, and escalated suspicious activity when needed."
T00718,C0163,P009,2025-05-08T13:56,email,high,account_security,0.145,2,559,69,Customer reports an unfamiliar login and wants the account secured immediately.,1,28.9,"Secured the account, revoked active sessions, required credential reset, and escalated suspicious activity when needed."
T00719,C0080,P008,2025-07-24T21:04,web,,subscription,0.775,1,399,50,Customer asks to cancel a recurring subscription and stop future renewal charges.,0,44.2,"Confirmed subscription status, cancelled future renewal where eligible, and reviewed refund eligibility for the latest charge."
T00720,C0117,P010,2025-01-12T15:09,phone,medium,account_security,-0.388,1,41,58,Customer believes someone accessed the account without permission and asks for urgent help.,1,58.8,"Secured the account, revoked active sessions, required credential reset, and escalated suspicious activity when needed."
