claim_id,incident_date,policy_start_date,driver_age,vehicle_age,annual_mileage,vehicle_value,repair_estimate,prior_claims,incident_type,vehicle_type,weather,region,police_reported,damage_severity,claim_amount
CLM00001,2026-07-27,2021-04-07,18,9,19520,48845.78,4813.9,0,hail,suv,fog,east,yes,minor,5411.97
CLM00002,2025-03-15,2022-04-14,53,12,19104,21671.71,4222.33,3,collision,pickup,clear,east,yes,moderate,4546.93
CLM00003,2025-06-10,2019-07-06,64,3,8978,6000.0,1081.58,0,collision,pickup,clear,north,no,moderate,1083.97
CLM00004,2025-11-14,2021-04-07,52,13,24392,6495.57,588.57,1,hail,pickup,clear,north,yes,minor,2049.49
CLM00005,2025-11-18,2021-12-07,42,19,21677,54324.4,5252.65,1,collision,pickup,clear,north,no,minor,3541.51
CLM00006,2025-01-12,2019-08-02,70,2,23333,26981.18,6803.87,0,vandalism,sedan,clear,north,yes,moderate,4170.84
CLM00007,2026-07-30,2023-06-09,41,6,15632,21739.13,1780.79,0,collision,pickup,rain,south,yes,minor,3190.44
CLM00008,2025-05-09,2020-12-28,62,14,27099,57639.9,28598.84,0,vandalism,coupe,clear,west,no,severe,23649.89
CLM00009,2026-05-06,2024-07-28,47,12,13526,51977.4,3505.68,2,collision,pickup,rain,south,yes,minor,4356.81
CLM00010,2026-07-24,2020-10-03,19,14,24756,33366.73,3078.12,0,glass,hatchback,clear,east,yes,minor,2023.82
CLM00011,2025-09-11,2021-11-29,51,11,8495,28598.95,2767.4,1,collision,suv,storm,west,yes,minor,1788.12
CLM00012,2024-10-18,2020-01-27,21,14,9676,31018.48,2215.33,1,collision,pickup,clear,west,yes,minor,1589.25
CLM00013,2025-04-11,2022-06-17,76,12,17222,36407.44,2517.33,2,vandalism,hatchback,clear,east,yes,minor,2400.29
CLM00014,2025-03-24,2019-12-31,55,1,18009,57000.71,3924.73,0,vandalism,suv,rain,west,yes,minor,2053.4
CLM00015,2025-04-25,2024-10-17,41,15,23148,39337.01,2298.41,0,vandalism,hatchback,rain,south,no,minor,2461.91
CLM00016,2025-03-06,2024-06-02,48,9,11030,43890.44,3050.02,1,glass,sedan,clear,south,yes,minor,2163.56
CLM00017,2025-09-21,2022-08-18,57,1,26562,50539.05,9038.79,0,collision,coupe,fog,south,yes,moderate,8392.96
CLM00018,2026-06-29,2022-01-22,34,8,11904,15454.86,1450.34,2,vandalism,pickup,storm,west,yes,minor,2059.39
CLM00019,2025-01-25,2020-03-06,36,9,17423,44322.93,3026.57,0,collision,suv,clear,south,yes,minor,3565.93
CLM00020,2025-11-06,2023-02-26,44,1,28163,28581.47,2547.39,0,theft,pickup,rain,west,no,minor,4633.6
CLM00021,2025-09-30,2021-10-22,34,20,17564,6000.0,3385.51,2,collision,sedan,clear,north,yes,severe,5700.0
CLM00022,2026-01-03,2022-08-22,65,4,21411,6000.0,1803.72,0,collision,suv,clear,north,yes,moderate,3182.65
CLM00023,2026-05-20,2020-08-03,24,6,27533,17728.24,12443.89,0,theft,pickup,clear,east,no,severe,13895.61
CLM00024,2024-11-23,2020-12-05,70,9,29314,40968.35,20738.43,0,vandalism,sedan,storm,west,no,severe,15402.78
CLM00025,2025-03-09,2022-08-18,39,17,16484,34706.99,2090.76,0,collision,pickup,clear,east,no,minor,3151.87
CLM00026,2025-06-17,2019-08-14,53,15,14257,35765.5,10280.68,2,glass,coupe,clear,south,no,moderate,8862.03
CLM00027,2025-12-11,2025-03-24,27,16,8317,62264.15,3550.46,0,theft,hatchback,clear,north,no,minor,5420.38
CLM00028,2025-02-07,2019-03-05,42,4,17511,13963.66,6403.43,0,collision,suv,clear,south,no,severe,6723.63
CLM00029,2025-08-28,2024-08-29,65,17,27796,32588.5,1908.25,0,hail,pickup,storm,south,no,minor,1708.17
CLM00030,2025-11-11,2024-01-26,35,17,16152,37566.53,3723.26,3,collision,suv,rain,south,yes,minor,3129.22
CLM00031,2025-11-06,2020-11-20,26,9,12409,21955.9,8491.4,0,collision,pickup,clear,west,no,severe,10258.41
CLM00032,2026-04-18,2021-11-08,50,11,5896,33424.9,18303.64,3,hail,pickup,storm,west,no,severe,15363.5
CLM00033,2026-07-25,2020-09-19,28,0,13523,9000.76,4724.68,2,collision,sedan,rain,west,no,severe,6233.11
CLM00034,2025-08-22,2021-02-07,37,15,9391,54148.59,4728.89,0,collision,sedan,clear,north,yes,minor,4939.11
CLM00035,2024-12-21,2021-02-08,46,20,29372,22775.78,1592.2,2,vandalism,sedan,clear,north,no,minor,1377.01
CLM00036,2026-08-15,2024-06-25,53,9,17246,63471.0,6216.18,1,collision,sedan,clear,south,yes,minor,4727.26
CLM00037,2025-01-12,2024-12-03,58,11,6698,32512.89,2966.76,0,vandalism,suv,clear,east,no,minor,3542.79
CLM00038,2025-02-03,2024-04-11,60,10,4819,48420.8,11613.45,0,vandalism,sedan,clear,east,yes,moderate,10509.4
CLM00039,2026-03-12,2024-05-05,71,1,25970,32200.46,2356.6,2,collision,coupe,rain,south,no,minor,3778.82
CLM00040,2025-06-26,2025-02-28,22,13,28150,32538.84,9676.51,1,collision,coupe,storm,north,no,moderate,9695.8
CLM00041,2026-06-02,2023-04-27,40,15,23601,24239.56,2238.25,1,collision,sedan,clear,south,yes,minor,2559.96
CLM00042,2025-03-26,2020-07-14,18,19,6343,34786.86,8169.69,4,hail,suv,storm,west,yes,moderate,7747.58
CLM00043,2025-05-07,2019-07-18,18,19,5653,37769.98,18796.33,0,collision,pickup,storm,west,yes,severe,16285.28
CLM00044,2026-01-15,2023-01-19,31,10,8345,21236.12,3840.2,2,glass,pickup,clear,west,no,moderate,4242.67
CLM00045,2026-08-12,2021-05-02,55,20,23281,31124.33,1865.03,2,collision,hatchback,clear,east,no,minor,2174.92
CLM00046,2024-10-22,2018-11-15,74,11,23664,23848.52,1397.24,0,hail,coupe,rain,north,no,minor,1222.95
CLM00047,2025-11-09,2020-09-01,66,13,25622,67494.96,3858.82,0,collision,pickup,rain,west,yes,minor,4378.25
CLM00048,2024-12-18,2022-02-14,58,12,5617,31654.04,6265.31,0,collision,pickup,clear,north,no,moderate,7395.56
CLM00049,2025-05-24,2023-05-20,67,20,7136,56178.48,17054.17,2,collision,hatchback,rain,south,no,moderate,14737.26
CLM00050,2025-03-11,2019-04-20,28,15,27308,30065.67,2835.54,0,theft,hatchback,clear,west,yes,minor,6135.9
CLM00051,2025-03-25,2023-09-18,70,2,28077,36889.31,24495.95,1,glass,suv,rain,east,yes,severe,19761.57
CLM00052,2026-05-11,2023-10-31,74,1,22594,13179.54,3539.63,0,collision,hatchback,rain,north,yes,moderate,2410.56
CLM00053,2026-01-08,2025-07-02,23,8,5863,26293.91,15538.14,0,collision,coupe,clear,east,yes,severe,15302.09
CLM00054,2025-10-25,2021-01-07,47,10,4852,36158.02,6999.82,1,collision,suv,clear,north,yes,moderate,6148.04
CLM00055,2025-10-02,2021-10-23,70,14,4500,56790.06,34963.29,0,collision,sedan,clear,south,yes,severe,28299.88
CLM00056,2026-08-30,2026-01-28,47,10,21680,36329.74,2522.78,2,glass,hatchback,storm,west,yes,minor,656.61
CLM00057,2025-08-28,2024-04-04,70,10,25841,53755.81,4350.14,0,glass,pickup,storm,south,yes,minor,2482.89
CLM00058,2026-06-10,2023-01-22,76,19,20054,42610.94,29830.15,2,glass,coupe,rain,west,yes,severe,22985.48
CLM00059,2025-04-06,2021-12-21,47,7,10077,57411.02,38597.61,0,collision,hatchback,clear,east,no,severe,30755.98
CLM00060,2025-05-20,2020-07-15,21,10,23449,32114.37,6743.34,4,collision,pickup,clear,east,yes,moderate,6880.65
CLM00061,2024-11-26,2023-03-30,39,11,4596,68853.34,6290.39,1,vandalism,suv,clear,east,yes,minor,5299.04
CLM00062,2025-04-05,2019-09-08,31,9,25362,25719.06,1568.77,0,collision,hatchback,clear,east,no,minor,3369.24
CLM00063,2026-01-06,2023-04-18,47,20,27081,21503.07,3849.29,0,hail,hatchback,clear,north,yes,moderate,4798.4
CLM00064,2024-10-24,2019-11-05,54,20,22396,14849.21,5855.01,0,collision,suv,rain,west,yes,severe,5993.44
CLM00065,2025-12-05,2024-06-06,47,10,26741,67965.37,4361.46,1,collision,pickup,clear,south,yes,minor,4928.27
CLM00066,2026-02-05,2025-10-18,30,9,18827,45291.71,4047.16,2,glass,coupe,rain,east,yes,minor,3635.71
CLM00067,2024-12-08,2024-07-12,36,12,15646,27988.19,6423.17,0,collision,suv,fog,east,no,moderate,6226.86
CLM00068,2026-01-03,2023-09-18,60,3,11706,51735.34,9177.4,0,glass,sedan,rain,east,yes,moderate,7535.03
CLM00069,2026-08-06,2020-11-07,19,8,27887,43315.38,4479.9,1,collision,coupe,clear,south,yes,minor,4610.08
CLM00070,2025-10-23,2025-06-10,31,4,21827,62491.91,15935.86,0,collision,coupe,storm,west,yes,moderate,12481.93
CLM00071,2025-02-27,2022-11-20,74,3,8143,9782.51,5037.8,1,collision,coupe,rain,north,no,severe,7024.87
CLM00072,2026-05-15,2025-08-21,24,1,28839,29019.6,2347.82,0,collision,suv,clear,east,yes,minor,3874.37
CLM00073,2025-10-28,2020-03-17,44,12,4598,26062.18,6593.62,1,collision,pickup,rain,east,yes,moderate,5923.5
CLM00074,2026-06-28,2022-05-25,31,0,18863,6000.0,1473.21,4,collision,pickup,storm,east,yes,moderate,2450.82
CLM00075,2025-05-17,2020-10-05,24,13,8144,48904.91,13054.79,0,hail,pickup,clear,north,no,moderate,10687.74
CLM00076,2025-10-18,2021-06-24,44,9,20937,28944.05,19602.55,0,glass,coupe,clear,south,no,severe,15633.27
CLM00077,2026-02-01,2022-02-07,50,7,14142,44094.47,9712.12,0,collision,coupe,clear,north,no,moderate,6969.94
CLM00078,2026-04-18,2021-08-14,29,16,14802,68396.58,16965.45,1,collision,hatchback,clear,east,yes,moderate,13750.66
CLM00079,2025-08-14,2025-06-28,22,11,21132,27701.34,1556.12,0,collision,sedan,rain,east,yes,minor,3569.03
CLM00080,2025-05-30,2020-03-09,26,15,23416,26682.71,8110.8,3,vandalism,sedan,clear,east,no,moderate,7541.17
CLM00081,2024-11-13,2020-05-23,59,14,13261,34779.96,2458.37,1,theft,coupe,clear,west,yes,minor,4428.6
CLM00082,2025-11-15,2021-05-26,72,0,29938,47808.71,3299.86,0,collision,coupe,clear,south,no,minor,1245.75
CLM00083,2026-06-05,2024-01-04,29,4,16459,24499.3,7953.22,1,theft,sedan,clear,south,yes,moderate,9344.44
CLM00084,2025-01-31,2020-03-31,38,11,7330,23535.58,6181.83,0,collision,suv,clear,south,yes,moderate,6244.28
CLM00085,2025-06-28,2023-02-21,39,20,3172,48857.84,20794.11,2,collision,suv,clear,north,yes,severe,18066.84
CLM00086,2025-05-07,2024-12-22,40,3,8465,38679.59,8309.49,0,collision,suv,clear,west,yes,moderate,7862.88
CLM00087,2026-07-22,2021-01-30,33,2,21660,6000.0,3009.39,1,glass,pickup,clear,west,no,severe,5166.88
CLM00088,2026-02-14,2024-08-25,21,19,17565,14619.12,1510.61,3,collision,hatchback,storm,south,yes,minor,1568.15
CLM00089,2025-03-19,2024-07-11,51,20,12121,55518.54,13301.87,1,collision,hatchback,fog,west,yes,moderate,11789.2
CLM00090,2025-01-31,2021-04-23,40,3,15997,39028.92,17990.15,2,collision,hatchback,clear,north,no,severe,17910.04
CLM00091,2025-11-17,2024-05-29,39,8,25630,21567.06,1797.55,0,theft,pickup,clear,north,no,minor,3366.29
CLM00092,2025-02-20,2019-12-17,34,13,18432,30443.86,7176.04,2,collision,pickup,clear,south,no,moderate,6359.15
CLM00093,2025-01-24,2022-05-08,76,4,4568,33198.55,6083.44,1,collision,sedan,clear,south,no,moderate,6082.5
CLM00094,2025-12-22,2025-11-13,56,6,4325,44036.0,4285.77,1,collision,sedan,clear,north,no,minor,5120.37
CLM00095,2024-12-14,2019-03-21,44,8,16015,12626.05,2239.27,0,hail,suv,storm,east,yes,moderate,1735.96
CLM00096,2026-03-04,2023-01-13,30,13,13915,20385.76,2020.78,0,collision,hatchback,rain,west,no,minor,3033.52
CLM00097,2026-04-09,2024-08-17,68,6,25964,37094.34,3487.21,1,glass,coupe,clear,south,no,minor,2262.78
CLM00098,2025-05-20,2021-04-12,73,8,18740,31502.48,1878.79,0,collision,coupe,fog,south,yes,minor,2594.79
CLM00099,2025-06-23,2022-03-30,20,6,23436,41577.89,3772.5,1,collision,pickup,clear,north,no,minor,3331.87
CLM00100,2026-06-20,2026-03-18,76,15,18800,14557.39,1353.91,2,glass,sedan,clear,south,yes,minor,1017.8
CLM00101,2025-01-31,2020-06-28,62,3,12322,38356.93,22391.29,3,vandalism,sedan,clear,west,no,severe,21084.82
CLM00102,2026-05-08,2023-11-20,24,4,20748,49373.75,4133.98,0,collision,hatchback,clear,west,yes,minor,2567.38
CLM00103,2025-02-20,2020-11-25,65,5,19779,40302.28,16177.2,3,glass,hatchback,storm,north,no,severe,15322.95
CLM00104,2026-09-25,2021-05-01,24,19,22446,35086.68,6453.3,0,collision,pickup,clear,north,yes,moderate,8077.7
CLM00105,2025-02-26,2021-06-12,21,19,8109,31561.75,2869.27,0,collision,sedan,rain,west,no,minor,3751.4
CLM00106,2025-03-05,2021-02-07,25,10,20322,20477.23,1250.49,2,glass,coupe,clear,north,yes,minor,250.0
CLM00107,2025-03-10,2023-08-06,46,3,10707,31920.02,14836.7,0,vandalism,hatchback,storm,east,no,severe,12300.84
CLM00108,2025-06-02,2023-12-05,57,15,24337,51895.59,12964.84,0,collision,hatchback,rain,west,yes,moderate,10283.06
CLM00109,2025-10-21,2023-04-05,43,10,24560,31214.57,13708.63,0,hail,sedan,clear,west,no,severe,13078.12
CLM00110,2025-05-04,2020-03-11,25,17,19869,19652.94,1845.65,0,collision,coupe,clear,east,yes,minor,2554.81
CLM00111,2026-03-12,2022-12-31,30,7,28561,25616.29,7585.16,2,collision,hatchback,storm,south,yes,moderate,6249.62
CLM00112,2025-03-10,2023-01-15,71,20,17513,36012.75,10851.42,0,glass,suv,clear,west,yes,moderate,7890.26
CLM00113,2025-08-21,2020-12-04,78,16,3678,27397.29,10996.11,0,theft,suv,clear,east,no,severe,11805.72
CLM00114,2025-10-30,2020-09-05,65,4,19367,40279.55,3082.91,1,theft,suv,storm,west,yes,minor,4518.95
CLM00115,2025-09-26,2020-04-17,24,15,23998,40842.66,27139.25,0,theft,sedan,clear,east,no,severe,26224.96
CLM00116,2025-08-11,2023-10-03,69,6,5732,46334.75,3402.57,1,theft,coupe,clear,west,yes,minor,3996.66
CLM00117,2026-09-03,2022-05-18,61,7,5824,54353.39,33406.72,3,collision,coupe,clear,west,no,severe,27015.88
CLM00118,2026-06-20,2022-11-18,51,5,10375,47937.88,12626.21,1,glass,coupe,clear,north,yes,moderate,9087.73
CLM00119,2026-04-04,2023-07-05,27,14,25795,18986.41,4311.46,2,hail,suv,clear,south,yes,moderate,5449.8
CLM00120,2026-07-09,2024-01-30,80,5,17240,19446.98,1347.04,0,hail,hatchback,clear,west,yes,minor,1578.53
CLM00121,2025-11-14,2025-02-09,45,13,29364,31863.43,19130.97,2,collision,hatchback,clear,north,yes,severe,16638.07
CLM00122,2025-05-31,2023-09-13,20,12,26571,26232.37,1637.27,0,collision,hatchback,clear,east,yes,minor,1816.04
CLM00123,2025-06-10,2022-02-04,31,15,17981,15925.1,4841.52,0,collision,hatchback,clear,south,yes,moderate,4394.38
CLM00124,2025-10-22,2020-06-17,43,20,21335,26374.62,6896.08,1,collision,hatchback,fog,north,yes,moderate,7141.07
CLM00125,2025-01-14,2019-10-24,21,0,11937,25882.31,4962.3,0,collision,pickup,clear,east,no,moderate,7957.23
CLM00126,2025-08-14,2024-06-03,38,20,5441,22922.28,6430.37,2,hail,sedan,clear,west,yes,moderate,6890.73
CLM00127,2026-08-04,2022-06-22,47,2,13766,28263.16,6773.74,1,glass,sedan,clear,west,no,moderate,5914.1
CLM00128,2025-03-21,2024-08-19,77,11,18992,50676.76,10419.76,3,collision,coupe,rain,south,yes,moderate,9077.25
CLM00129,2025-08-07,2021-07-05,23,7,7919,35988.57,11486.13,0,collision,coupe,clear,north,yes,moderate,8626.61
CLM00130,2025-06-24,2023-05-15,54,13,8987,70077.14,19828.13,0,hail,coupe,clear,west,yes,moderate,16359.94
CLM00131,2025-08-14,2022-11-12,75,15,3404,35557.62,9385.4,1,collision,suv,rain,west,yes,moderate,9316.84
CLM00132,2025-08-22,2021-04-18,68,18,22819,28649.01,19055.21,0,glass,hatchback,clear,east,yes,severe,15903.65
CLM00133,2026-07-26,2023-12-17,76,8,27285,33061.99,8483.06,0,collision,sedan,rain,east,no,moderate,9021.14
CLM00134,2025-08-18,2020-10-01,28,19,25341,36847.38,2844.27,1,collision,suv,storm,east,no,minor,3248.98
CLM00135,2025-02-27,2021-11-28,68,6,13260,39528.81,8040.83,3,collision,pickup,rain,north,yes,moderate,8804.16
CLM00136,2026-02-21,2020-02-16,79,4,19023,64150.67,4064.76,1,glass,suv,clear,north,yes,minor,3652.82
CLM00137,2025-07-17,2021-09-02,38,7,28942,20320.19,1559.26,0,collision,hatchback,clear,north,yes,minor,1945.53
CLM00138,2026-09-08,2024-11-04,49,11,18967,45885.69,11168.4,0,hail,sedan,clear,west,no,moderate,8436.36
CLM00139,2026-01-20,2021-05-14,51,14,10989,36116.26,10293.02,1,collision,hatchback,rain,north,yes,moderate,9145.44
CLM00140,2025-11-16,2023-05-16,49,17,12142,9433.53,2276.43,0,collision,pickup,storm,east,yes,moderate,4181.08
CLM00141,2024-10-13,2021-07-12,36,4,22633,44560.48,25878.17,0,glass,hatchback,storm,south,yes,severe,20774.15
CLM00142,2026-04-27,2025-06-05,79,6,15049,52014.35,4991.34,0,collision,hatchback,clear,north,yes,minor,5033.51
CLM00143,2026-03-13,2025-05-29,78,19,25608,20142.35,2088.36,0,collision,coupe,storm,west,no,minor,1420.88
CLM00144,2025-12-06,2022-06-08,41,9,26331,32865.99,2349.3,0,collision,suv,clear,north,yes,minor,3471.55
CLM00145,2024-10-06,2023-07-29,68,5,3967,7119.69,706.94,0,glass,suv,rain,west,yes,minor,1071.94
CLM00146,2025-01-16,2019-01-14,43,20,22530,14117.9,4177.59,1,collision,pickup,clear,west,no,moderate,3685.75
CLM00147,2026-09-05,2021-07-07,68,9,12989,48720.44,9023.07,0,collision,hatchback,clear,west,no,moderate,7972.6
CLM00148,2026-04-13,2022-01-14,54,20,17033,26003.75,5854.06,1,glass,coupe,clear,north,yes,moderate,6276.36
CLM00149,2025-02-08,2020-08-29,47,19,10149,16367.96,1088.7,0,hail,sedan,fog,west,yes,minor,250.0
CLM00150,2026-08-19,2023-01-06,26,19,12942,36441.91,10009.05,2,glass,sedan,clear,east,no,moderate,7445.57
CLM00151,2025-01-14,2024-08-07,59,12,11920,25163.81,2079.9,0,vandalism,suv,clear,south,yes,minor,1928.03
CLM00152,2026-03-09,2023-10-10,38,16,4360,25937.68,6464.39,0,hail,hatchback,clear,east,yes,moderate,8137.69
CLM00153,2024-11-30,2021-11-21,31,20,24135,44089.89,12765.55,0,collision,coupe,clear,south,yes,moderate,10218.62
CLM00154,2026-02-28,2020-08-22,30,5,6861,15574.0,1121.31,0,collision,hatchback,fog,south,yes,minor,2302.62
CLM00155,2025-11-17,2024-06-29,79,0,13146,19419.52,9929.36,0,hail,hatchback,clear,south,no,severe,10459.27
CLM00156,2025-06-04,2022-05-23,24,6,8211,35311.2,10764.45,2,hail,sedan,clear,east,no,moderate,8870.88
CLM00157,2026-06-30,2024-05-15,68,13,7336,47541.15,4880.86,2,glass,hatchback,rain,east,no,minor,4285.35
CLM00158,2025-08-20,2024-10-03,72,11,13081,51572.4,15030.96,0,theft,hatchback,clear,north,no,moderate,13374.46
CLM00159,2025-09-27,2025-01-17,19,1,27807,23024.07,4778.89,0,collision,hatchback,clear,north,no,moderate,4783.0
CLM00160,2025-03-07,2022-12-06,55,11,28492,47060.65,2889.87,1,collision,pickup,clear,west,no,minor,1599.43
CLM00161,2024-10-03,2024-03-09,54,3,13306,21237.87,1402.59,1,hail,hatchback,clear,east,no,minor,1815.43
CLM00162,2025-06-03,2024-12-10,40,10,16639,60393.14,14398.58,0,collision,sedan,clear,west,yes,moderate,12966.07
CLM00163,2025-12-06,2023-10-07,60,12,29614,15993.43,7406.72,1,vandalism,sedan,clear,south,yes,severe,8470.26
CLM00164,2025-12-08,2024-08-27,43,13,9340,52927.18,16415.69,0,theft,sedan,clear,south,yes,moderate,15909.8
CLM00165,2025-11-29,2022-07-15,45,8,28508,23152.71,6381.08,1,collision,pickup,rain,south,yes,moderate,7054.71
CLM00166,2025-02-13,2024-12-07,45,8,5855,63198.7,15010.28,0,theft,coupe,storm,east,yes,moderate,13747.86
CLM00167,2026-02-08,2024-03-26,68,14,9098,41869.81,9046.88,0,hail,coupe,storm,west,yes,moderate,7235.83
CLM00168,2026-06-01,2023-08-23,57,15,12134,17759.75,1319.05,0,glass,suv,clear,east,yes,minor,713.45
CLM00169,2026-01-29,2020-04-10,41,16,4001,25166.42,1984.38,1,collision,sedan,clear,south,yes,minor,1138.24
CLM00170,2026-09-14,2022-11-08,76,7,25025,44717.72,27750.09,0,theft,pickup,fog,west,yes,severe,24412.99
CLM00171,2026-07-15,2021-03-22,68,8,26097,48789.67,9192.03,1,collision,sedan,rain,east,yes,moderate,8644.26
CLM00172,2026-07-27,2024-06-13,76,6,13350,31939.27,21243.28,1,theft,pickup,clear,south,yes,severe,21890.58
CLM00173,2025-03-16,2022-06-15,64,11,25583,33669.87,2091.67,1,collision,suv,clear,north,no,minor,3214.32
CLM00174,2025-04-21,2022-09-22,42,2,23858,44375.3,9512.62,0,glass,coupe,clear,east,yes,moderate,6934.23
CLM00175,2025-05-10,2020-01-02,66,9,24638,34976.98,11333.89,0,glass,pickup,clear,east,yes,moderate,7671.03
CLM00176,2025-10-28,2020-01-17,38,3,24673,13597.43,885.6,0,theft,pickup,clear,west,yes,minor,2731.08
CLM00177,2025-04-25,2019-07-08,35,11,18484,20805.39,1266.11,1,theft,hatchback,clear,north,no,minor,4203.36
CLM00178,2026-06-05,2021-11-17,46,17,5992,36526.8,9890.03,2,collision,coupe,fog,north,no,moderate,8960.21
CLM00179,2024-12-12,2021-11-17,79,20,27935,51232.24,11986.77,0,theft,hatchback,clear,west,yes,moderate,12172.46
CLM00180,2025-09-30,2022-06-15,53,9,19434,57239.74,10805.45,2,collision,pickup,clear,east,yes,moderate,9658.8
CLM00181,2024-11-15,2018-12-20,42,1,27335,44692.94,2510.83,0,hail,suv,clear,north,no,minor,3174.8
CLM00182,2026-06-11,2024-09-02,47,4,28896,37309.36,6972.16,0,collision,hatchback,rain,north,no,moderate,5122.7
CLM00183,2025-10-02,2023-08-12,36,2,8053,44232.21,3586.85,0,hail,coupe,rain,south,yes,minor,4836.71
CLM00184,2025-05-10,2019-12-12,59,15,13858,22998.74,1542.82,1,collision,suv,clear,east,yes,minor,1178.35
CLM00185,2025-10-04,2023-05-20,40,20,8197,30701.54,8953.58,0,hail,sedan,clear,north,yes,moderate,8590.31
CLM00186,2025-11-09,2024-05-18,52,11,4375,20638.04,2005.2,0,hail,suv,rain,south,yes,minor,1821.56
CLM00187,2026-06-01,2023-01-02,41,3,29093,14268.86,6175.49,1,collision,suv,rain,east,no,severe,7910.52
CLM00188,2025-12-26,2023-12-22,38,0,27930,38003.24,8571.74,0,collision,hatchback,clear,west,no,moderate,7630.55
CLM00189,2026-04-09,2020-11-23,79,20,28157,35782.7,2255.58,0,glass,sedan,storm,south,no,minor,2129.62
CLM00190,2026-02-22,2020-08-30,39,6,26859,43314.79,3021.69,0,hail,sedan,clear,south,no,minor,3283.14
CLM00191,2025-05-19,2023-06-25,22,2,20517,41191.68,8686.53,0,collision,suv,clear,south,yes,moderate,9012.66
CLM00192,2025-06-27,2022-04-05,41,3,17098,36639.66,3435.68,0,collision,hatchback,clear,north,no,minor,4881.64
CLM00193,2025-07-14,2019-08-10,51,5,29770,41349.25,3001.25,0,collision,sedan,clear,north,yes,minor,3492.72
CLM00194,2026-01-09,2021-07-14,23,13,17911,32359.75,2581.89,1,hail,suv,clear,west,yes,minor,4402.64
CLM00195,2024-10-30,2023-06-21,37,18,20346,39193.37,3462.62,0,hail,suv,clear,north,no,minor,3236.06
CLM00196,2026-07-29,2022-12-26,28,5,8717,22107.83,6595.62,1,collision,sedan,rain,west,yes,moderate,7706.29
CLM00197,2026-01-23,2022-04-19,49,14,23161,38545.59,8487.02,0,hail,suv,clear,north,no,moderate,7889.37
CLM00198,2026-07-06,2022-07-20,63,1,25125,43026.27,2841.57,0,vandalism,suv,fog,east,no,minor,1996.73
CLM00199,2026-01-26,2025-11-03,79,0,21320,22954.78,7386.11,0,vandalism,sedan,clear,west,no,moderate,6699.23
CLM00200,2024-10-28,2022-12-19,42,1,16462,33777.48,2410.6,0,collision,pickup,clear,east,no,minor,3238.8
CLM00201,2026-01-06,2020-11-09,72,19,8342,23645.96,6518.25,0,collision,sedan,storm,east,yes,moderate,6360.94
CLM00202,2024-12-06,2023-06-02,31,12,3914,25102.4,2222.48,0,collision,hatchback,rain,south,yes,minor,3013.04
CLM00203,2025-10-04,2023-11-24,67,16,19938,16126.06,4065.45,2,collision,pickup,rain,east,no,moderate,5852.49
CLM00204,2025-05-08,2023-05-10,53,0,21442,51986.62,3481.31,2,collision,coupe,rain,east,no,minor,3843.17
CLM00205,2025-11-01,2024-09-13,65,0,23861,48985.28,9611.82,0,collision,hatchback,clear,south,no,moderate,5676.62
CLM00206,2026-03-20,2025-03-18,65,17,28664,41061.51,3259.33,1,collision,hatchback,clear,north,yes,minor,5204.99
CLM00207,2025-03-22,2023-01-29,51,2,16429,62582.94,34646.34,1,hail,pickup,clear,west,yes,severe,27877.77
CLM00208,2024-10-23,2019-07-15,34,3,25387,30161.31,2808.67,2,collision,coupe,clear,north,yes,minor,2558.96
CLM00209,2026-03-22,2026-02-17,51,10,22340,78476.44,48596.15,0,hail,suv,clear,west,no,severe,36915.12
CLM00210,2025-03-11,2023-06-06,70,12,10484,29587.06,20295.94,0,collision,pickup,clear,west,no,severe,17676.63
CLM00211,2026-03-24,2025-10-14,79,4,25819,36827.9,3778.59,0,theft,hatchback,storm,north,no,minor,4457.84
CLM00212,2025-04-25,2021-11-24,76,9,4439,27033.33,2458.33,0,collision,sedan,storm,east,yes,minor,2032.99
CLM00213,2025-03-04,2023-08-09,29,14,19170,38584.88,2302.46,0,vandalism,pickup,rain,east,yes,minor,1475.64
CLM00214,2025-11-06,2021-01-23,55,9,28390,45534.22,23618.1,2,vandalism,coupe,rain,north,yes,severe,20794.77
CLM00215,2025-04-11,2021-09-20,24,8,20792,31291.25,8333.5,2,collision,sedan,clear,west,yes,moderate,10090.48
CLM00216,2026-03-16,2021-06-20,60,1,28301,59650.8,15719.73,0,hail,sedan,clear,north,yes,moderate,13488.78
CLM00217,2026-08-04,2022-09-27,80,9,4516,36587.24,2367.53,0,collision,coupe,rain,north,no,minor,3827.22
CLM00218,2026-07-22,2023-11-14,21,16,17375,37057.28,21395.83,0,theft,hatchback,rain,west,yes,severe,19727.59
CLM00219,2025-11-08,2020-08-28,59,13,24077,19365.03,1409.48,0,collision,suv,clear,east,yes,minor,2119.49
CLM00220,2024-12-11,2022-01-13,77,18,20343,39277.49,2838.52,1,collision,pickup,clear,north,no,minor,3650.22
CLM00221,2026-06-29,2020-10-07,71,2,26775,30989.59,2976.0,0,collision,suv,clear,north,no,minor,2483.16
CLM00222,2025-11-02,2019-11-06,42,0,15490,23876.4,5689.51,2,glass,suv,clear,south,yes,moderate,4980.72
CLM00223,2025-05-05,2021-10-05,24,11,21430,21352.88,11937.13,3,collision,suv,clear,north,yes,severe,13389.29
CLM00224,2026-05-06,2022-04-04,76,3,14334,73076.45,18958.29,1,theft,hatchback,clear,north,no,moderate,17920.26
CLM00225,2025-04-22,2023-09-16,76,12,26548,29047.84,2411.66,1,collision,sedan,clear,east,no,minor,2983.81
CLM00226,2026-02-19,2021-03-20,54,18,6225,11145.22,738.15,0,collision,suv,fog,north,no,minor,336.31
CLM00227,2025-02-17,2021-01-22,79,7,9861,22526.68,5967.72,0,collision,suv,clear,south,yes,moderate,5701.17
CLM00228,2025-08-04,2020-02-24,18,11,5612,32226.48,7257.2,0,glass,sedan,rain,south,yes,moderate,4733.85
CLM00229,2025-08-27,2023-12-27,56,14,21957,41200.01,3602.57,1,vandalism,pickup,rain,west,no,minor,3349.05
CLM00230,2026-05-24,2021-08-19,20,3,9284,41321.95,2603.01,0,collision,sedan,clear,west,yes,minor,3129.57
CLM00231,2025-10-27,2022-12-12,76,18,11563,43149.22,13985.41,2,vandalism,coupe,rain,west,yes,moderate,11358.78
CLM00232,2025-01-13,2023-11-09,60,4,25590,23327.1,14924.08,0,collision,sedan,clear,south,no,severe,14387.05
CLM00233,2026-09-16,2025-08-11,75,16,12725,38106.61,9053.66,0,collision,suv,clear,east,yes,moderate,8635.54
CLM00234,2025-03-26,2021-10-24,53,13,6937,19859.11,1399.37,0,theft,sedan,clear,east,no,minor,3564.41
CLM00235,2025-10-06,2023-10-14,23,2,3566,23705.36,5527.39,3,collision,suv,storm,west,no,moderate,5018.19
CLM00236,2025-04-23,2024-08-15,19,15,9121,19234.37,1742.98,0,collision,pickup,fog,east,yes,minor,2001.68
CLM00237,2025-06-03,2022-10-21,39,4,27697,15174.17,9123.99,0,hail,sedan,clear,west,no,severe,10029.12
CLM00238,2025-11-19,2021-12-04,64,12,17813,48963.14,4392.02,0,collision,hatchback,clear,east,yes,minor,5740.97
CLM00239,2026-02-17,2024-02-26,27,20,29861,43329.18,4275.38,1,glass,pickup,clear,west,no,minor,3236.35
CLM00240,2025-06-30,2019-09-27,71,20,8808,47649.98,11600.12,4,hail,hatchback,rain,east,no,moderate,10972.93
CLM00241,2026-06-20,2021-10-03,33,18,12490,33589.7,2960.5,0,glass,sedan,clear,east,no,minor,3259.71
CLM00242,2025-07-31,2022-06-15,49,10,7406,44652.12,3446.8,2,hail,pickup,clear,east,yes,minor,3295.07
CLM00243,2026-07-23,2020-12-03,30,11,13756,6580.66,1781.48,0,glass,sedan,rain,south,no,moderate,3381.07
CLM00244,2025-06-13,2022-10-18,47,6,18210,45946.31,11313.06,1,collision,sedan,clear,east,no,moderate,11227.58
CLM00245,2025-06-29,2024-07-31,46,19,24820,35656.8,22866.67,0,theft,hatchback,clear,south,no,severe,22544.39
CLM00246,2026-07-31,2026-04-15,18,10,12938,42406.64,2385.48,0,collision,suv,clear,east,no,minor,3175.98
CLM00247,2025-03-27,2019-08-01,53,16,23832,38700.35,2567.93,1,glass,sedan,clear,south,yes,minor,4639.05
CLM00248,2025-12-01,2020-02-19,67,7,19906,18194.17,3993.0,0,collision,pickup,clear,west,no,moderate,3959.68
CLM00249,2025-03-05,2020-09-13,76,15,10879,10529.4,3335.81,0,theft,hatchback,clear,east,yes,moderate,7525.86
CLM00250,2026-08-31,2025-12-21,38,4,27630,22319.19,1793.08,2,vandalism,coupe,clear,east,yes,minor,2919.32
CLM00251,2026-05-22,2024-07-24,73,15,14725,41473.76,20954.04,3,collision,hatchback,storm,north,no,severe,20367.3
CLM00252,2025-10-05,2025-06-08,73,0,7076,43351.37,22474.35,0,glass,hatchback,clear,west,no,severe,18511.49
CLM00253,2026-05-16,2025-12-26,80,2,28993,12480.87,969.61,1,collision,coupe,storm,west,no,minor,2722.59
CLM00254,2026-02-02,2024-07-19,41,7,27663,18283.51,5579.66,1,collision,sedan,clear,north,yes,moderate,7324.33
CLM00255,2025-06-05,2021-12-12,71,10,4337,22151.46,7074.08,0,theft,suv,rain,south,yes,moderate,7005.98
CLM00256,2026-06-17,2025-12-27,53,14,27368,27640.42,2667.85,2,collision,pickup,clear,east,yes,minor,3117.53
CLM00257,2025-05-24,2019-06-19,21,7,28580,12569.24,3786.46,0,collision,suv,rain,west,yes,moderate,2285.0
CLM00258,2026-07-17,2023-10-04,35,0,25386,11669.22,764.95,1,collision,coupe,clear,east,no,minor,1552.43
CLM00259,2026-05-26,2024-10-01,60,6,9885,20672.47,1424.26,0,collision,suv,clear,south,yes,minor,1209.46
CLM00260,2025-07-29,2022-06-06,28,9,20045,34293.81,19948.58,0,vandalism,hatchback,clear,south,yes,severe,17045.21
CLM00261,2025-02-28,2020-05-21,45,11,17533,15291.08,4180.9,0,glass,coupe,clear,west,yes,moderate,6883.89
CLM00262,2026-05-29,2024-06-20,66,13,19744,31262.95,2054.91,0,theft,suv,fog,west,yes,minor,5497.34
CLM00263,2026-02-24,2025-10-14,27,5,19644,48878.29,14025.25,2,collision,coupe,fog,west,no,moderate,10718.73
CLM00264,2024-11-24,2024-07-07,49,12,20259,13473.3,6076.3,4,theft,sedan,rain,south,no,severe,10350.67
CLM00265,2024-10-08,2019-08-18,31,13,16878,29903.31,6412.81,0,glass,suv,clear,south,yes,moderate,6366.15
CLM00266,2025-08-02,2024-11-03,51,16,21644,48371.35,23520.21,0,vandalism,hatchback,storm,north,yes,severe,19496.65
CLM00267,2025-11-08,2021-12-30,33,10,17218,26725.97,17750.78,0,collision,hatchback,rain,west,yes,severe,16358.87
CLM00268,2026-01-20,2023-09-09,78,17,3445,24394.95,2223.36,0,collision,coupe,clear,west,yes,minor,2876.8
CLM00269,2025-07-10,2020-10-27,22,4,3952,50452.44,12845.33,0,glass,coupe,clear,north,no,moderate,8852.03
CLM00270,2025-07-26,2025-02-15,78,14,28869,28406.97,8464.21,2,glass,pickup,rain,north,no,moderate,6372.9
CLM00271,2026-02-27,2020-09-28,67,0,27550,49567.43,14718.51,1,collision,pickup,clear,east,yes,moderate,12649.62
CLM00272,2026-09-14,2022-06-22,71,2,18811,39434.48,2946.23,0,vandalism,suv,clear,south,no,minor,2720.69
CLM00273,2026-06-12,2023-09-12,71,18,7714,27857.33,2604.91,0,collision,coupe,rain,south,yes,minor,2166.97
CLM00274,2024-10-31,2023-07-10,29,9,24100,40195.36,2648.86,1,collision,pickup,clear,south,yes,minor,2292.8
CLM00275,2025-11-29,2020-01-10,76,13,6868,37806.74,9470.0,0,vandalism,sedan,clear,east,yes,moderate,7928.62
CLM00276,2025-10-13,2023-11-28,55,12,13186,48313.24,9311.71,0,theft,coupe,clear,west,yes,moderate,10590.58
CLM00277,2025-10-25,2022-10-27,78,14,11906,24774.82,5921.66,0,collision,suv,rain,west,yes,moderate,5887.11
CLM00278,2025-03-08,2022-10-05,73,5,3334,33618.09,8507.22,0,glass,hatchback,fog,south,no,moderate,8697.93
CLM00279,2026-08-14,2025-03-02,54,3,24790,32077.26,1919.38,0,glass,hatchback,storm,west,no,minor,936.13
CLM00280,2026-08-01,2024-01-10,41,0,16763,43562.22,3406.8,1,collision,coupe,rain,east,yes,minor,3826.01
CLM00281,2026-03-13,2025-03-20,25,18,11539,17622.31,4806.5,0,hail,suv,clear,north,no,moderate,4456.38
CLM00282,2025-10-10,2025-09-07,24,4,16694,48254.66,12889.46,1,vandalism,suv,clear,west,yes,moderate,11248.37
CLM00283,2025-05-29,2023-08-09,42,12,3000,39994.93,7325.19,0,theft,sedan,clear,south,yes,moderate,7492.55
CLM00284,2025-10-07,2025-01-07,69,9,14799,13246.12,802.4,2,glass,suv,clear,east,yes,minor,3115.13
CLM00285,2025-11-12,2023-04-27,49,3,17029,51123.94,3725.15,0,hail,sedan,rain,east,yes,minor,1641.5
CLM00286,2024-11-15,2019-09-01,48,8,12172,66511.4,44102.8,0,collision,hatchback,rain,west,yes,severe,36869.5
CLM00287,2026-06-05,2025-05-19,33,1,25421,48027.51,4694.61,0,collision,coupe,clear,west,no,minor,4470.11
CLM00288,2025-08-09,2025-07-08,53,3,9745,54404.77,3855.2,0,vandalism,hatchback,storm,west,no,minor,3828.17
CLM00289,2025-08-31,2024-12-03,58,2,6721,34280.57,9695.7,0,glass,coupe,rain,east,yes,moderate,9265.43
CLM00290,2025-10-20,2022-09-14,79,17,17244,8077.43,2113.13,1,collision,coupe,clear,south,no,moderate,4259.12
CLM00291,2025-02-18,2023-06-03,63,11,26957,6000.0,4257.18,0,collision,sedan,clear,south,yes,severe,5700.0
CLM00292,2026-03-20,2023-03-24,56,19,13132,36826.23,15328.27,0,vandalism,hatchback,clear,west,no,severe,14536.44
CLM00293,2024-11-03,2024-08-02,75,9,4258,24120.32,6203.31,0,collision,hatchback,clear,north,yes,moderate,8033.86
CLM00294,2026-01-31,2024-01-10,44,4,29189,19281.36,1628.15,1,collision,suv,clear,east,yes,minor,1464.98
CLM00295,2025-08-29,2023-02-22,76,12,14996,32058.8,7089.81,2,glass,coupe,clear,east,no,moderate,8533.09
CLM00296,2025-09-15,2023-01-24,41,19,7669,42233.78,16914.4,1,vandalism,suv,clear,north,yes,severe,15644.07
CLM00297,2025-01-18,2021-09-10,26,11,19622,11208.64,2049.12,1,glass,sedan,clear,east,yes,moderate,2172.14
CLM00298,2025-11-14,2021-02-25,44,0,11631,26266.84,14044.72,1,hail,hatchback,rain,south,yes,severe,12448.91
CLM00299,2026-03-07,2023-04-29,26,6,28321,55648.06,15518.63,1,collision,suv,rain,south,yes,moderate,12830.13
CLM00300,2026-09-15,2021-08-17,25,19,10937,16870.67,1511.75,0,glass,suv,clear,east,yes,minor,250.0
CLM00301,2026-01-08,2022-10-17,73,10,17854,46046.42,9308.08,1,collision,hatchback,clear,north,no,moderate,8166.57
CLM00302,2025-02-04,2023-06-21,68,19,17669,25729.04,7813.8,1,collision,pickup,clear,north,no,moderate,7243.01
CLM00303,2026-09-23,2025-04-15,31,10,9546,41186.91,3052.11,0,glass,suv,clear,south,yes,minor,1373.11
CLM00304,2024-12-15,2022-12-17,70,0,16481,49459.91,5059.24,1,hail,suv,clear,east,yes,minor,5220.5
CLM00305,2025-08-30,2022-01-12,22,18,5945,44119.23,8502.83,0,glass,sedan,clear,north,no,moderate,6853.27
CLM00306,2026-06-20,2024-12-11,35,16,20381,46637.39,4484.18,0,collision,suv,clear,south,no,minor,3592.82
CLM00307,2026-02-22,2020-08-19,62,15,23475,15726.1,1566.32,0,glass,hatchback,fog,south,no,minor,1052.42
CLM00308,2025-08-22,2022-09-16,37,20,28650,49704.9,14832.01,1,hail,pickup,clear,east,yes,moderate,12564.15
CLM00309,2026-02-12,2020-11-27,64,4,11796,20209.6,5988.63,2,hail,suv,rain,south,yes,moderate,6095.03
CLM00310,2026-07-13,2022-05-23,73,19,10701,36893.13,8455.78,0,glass,sedan,clear,north,yes,moderate,6337.19
CLM00311,2025-06-01,2023-05-10,22,4,17818,36873.69,22876.56,0,collision,hatchback,clear,east,yes,severe,19996.78
CLM00312,2025-05-28,2023-12-20,19,20,21705,40276.84,23206.89,0,hail,pickup,fog,west,yes,severe,19708.28
CLM00313,2026-07-06,2022-01-04,77,4,29797,38054.35,9082.5,0,hail,sedan,clear,east,yes,moderate,6749.94
CLM00314,2026-03-09,2024-02-21,50,11,3676,20342.85,2108.93,4,vandalism,hatchback,rain,south,no,minor,2449.92
CLM00315,2026-04-05,2024-09-17,49,16,9434,12751.99,2787.18,0,glass,sedan,fog,south,yes,moderate,3536.11
CLM00316,2025-06-06,2019-10-28,47,1,10084,46085.23,3494.69,0,hail,hatchback,clear,north,no,minor,3738.32
CLM00317,2025-04-15,2022-05-04,45,1,9895,35787.52,24440.88,0,collision,pickup,clear,north,yes,severe,20767.47
CLM00318,2025-04-18,2024-12-04,61,17,15520,50240.65,10970.11,4,collision,pickup,clear,south,yes,moderate,10995.25
CLM00319,2024-11-14,2021-11-07,54,1,26569,32329.01,2047.35,0,glass,pickup,clear,east,no,minor,744.14
CLM00320,2025-03-18,2022-05-24,28,12,3836,11922.53,2640.84,1,glass,pickup,clear,south,no,moderate,2082.42
CLM00321,2026-02-08,2020-11-22,57,19,25028,47491.95,13720.27,0,glass,suv,clear,west,yes,moderate,10577.34
CLM00322,2026-07-14,2022-03-23,60,12,19677,27444.44,18353.52,0,collision,coupe,storm,east,no,severe,18112.1
CLM00323,2025-07-09,2024-04-20,25,10,19611,38130.05,2344.74,1,collision,suv,rain,north,yes,minor,3031.46
CLM00324,2024-12-01,2023-12-11,41,8,21315,23288.11,13743.83,0,vandalism,suv,clear,east,yes,severe,12520.19
CLM00325,2024-10-19,2021-02-18,67,13,6116,57664.53,4799.41,1,vandalism,pickup,clear,east,no,minor,5679.71
CLM00326,2026-04-15,2025-12-04,56,12,23162,19851.53,5465.52,0,collision,suv,rain,north,no,moderate,5348.24
CLM00327,2026-04-11,2024-04-19,26,10,9699,27938.55,16943.29,1,hail,sedan,storm,south,yes,severe,17663.9
CLM00328,2026-09-03,2025-10-09,20,3,16948,34611.73,3532.28,1,collision,pickup,clear,west,no,minor,3211.96
CLM00329,2026-06-19,2026-04-06,54,13,21276,16617.27,1206.97,1,collision,pickup,clear,south,no,minor,1037.29
CLM00330,2025-08-21,2020-02-06,47,15,19307,37957.79,8349.39,0,collision,hatchback,storm,south,no,moderate,7545.2
CLM00331,2025-08-27,2025-01-15,78,14,11724,57178.66,32980.9,1,collision,sedan,storm,north,yes,severe,27077.16
CLM00332,2026-01-03,2025-11-14,50,1,13694,25643.07,1964.57,4,collision,pickup,storm,north,yes,minor,2326.77
CLM00333,2026-02-16,2020-07-03,76,14,15866,38927.14,9578.53,0,glass,sedan,clear,south,yes,moderate,10448.52
CLM00334,2025-02-02,2023-11-22,31,15,4113,6000.0,1112.35,0,vandalism,hatchback,clear,west,no,moderate,2319.52
CLM00335,2025-10-30,2020-11-24,46,3,22603,32416.06,2045.96,2,glass,hatchback,clear,west,yes,minor,2547.34
CLM00336,2025-02-17,2024-11-12,26,17,5698,28304.37,8924.54,0,collision,pickup,clear,east,no,moderate,7663.79
CLM00337,2024-10-27,2023-10-30,54,11,15382,20722.54,3838.72,1,collision,coupe,storm,west,yes,moderate,4066.21
CLM00338,2026-02-11,2025-05-17,29,9,20685,49221.76,4150.72,1,collision,sedan,clear,east,no,minor,5194.08
CLM00339,2026-05-06,2022-01-25,49,15,5170,28106.34,17819.69,0,hail,sedan,rain,east,no,severe,14204.34
CLM00340,2024-11-04,2021-01-29,39,10,29880,30337.84,1716.19,1,collision,hatchback,storm,south,no,minor,1272.79
CLM00341,2025-06-24,2022-07-29,29,11,13185,27342.11,12536.55,1,vandalism,coupe,fog,north,no,severe,11859.01
CLM00342,2026-03-02,2024-08-25,24,6,3426,6000.0,1389.36,0,vandalism,sedan,rain,south,no,moderate,3551.39
CLM00343,2025-07-04,2024-11-24,50,19,20783,16020.2,4021.43,2,glass,hatchback,fog,west,yes,moderate,3830.91
CLM00344,2025-09-20,2022-04-04,77,20,18055,47416.4,3432.78,0,collision,hatchback,clear,east,no,minor,3887.75
CLM00345,2024-12-08,2023-06-27,30,2,20289,6000.0,522.91,0,theft,suv,clear,west,no,minor,2704.22
CLM00346,2026-03-28,2022-08-26,43,15,23277,21505.27,9886.21,2,collision,pickup,clear,north,yes,severe,12174.33
CLM00347,2024-10-07,2020-08-08,32,0,15842,27004.2,4828.96,0,collision,suv,fog,north,yes,moderate,3592.13
CLM00348,2024-11-16,2019-10-01,68,7,25323,59154.33,10365.95,2,hail,hatchback,storm,south,no,moderate,9909.45
CLM00349,2026-05-22,2023-05-17,44,20,12994,44529.06,3232.12,0,theft,coupe,clear,south,yes,minor,4428.23
CLM00350,2026-06-02,2026-04-23,79,3,17721,24642.44,1807.76,0,hail,suv,clear,west,yes,minor,2876.47
CLM00351,2025-09-06,2023-12-07,33,7,7280,52567.71,5337.36,0,collision,sedan,clear,south,yes,minor,4023.62
CLM00352,2026-08-29,2021-07-05,23,4,19738,21892.26,3978.2,1,glass,coupe,clear,east,yes,moderate,4018.7
CLM00353,2026-02-24,2022-11-25,54,15,10063,48136.5,3920.39,1,glass,suv,storm,east,yes,minor,3150.17
CLM00354,2025-11-17,2022-02-13,59,9,21812,12616.84,3301.47,2,collision,pickup,clear,south,yes,moderate,3434.62
CLM00355,2024-10-23,2022-01-04,80,12,24629,49098.87,13742.34,4,glass,pickup,rain,west,no,moderate,10284.07
CLM00356,2024-10-06,2023-09-19,72,19,26192,26908.0,7286.96,1,collision,hatchback,clear,north,yes,moderate,6546.2
CLM00357,2026-06-12,2021-01-14,73,10,28086,17572.44,3096.63,1,vandalism,sedan,clear,north,yes,moderate,3739.5
CLM00358,2024-12-19,2020-04-17,57,15,6301,29742.85,8023.99,0,glass,coupe,clear,east,no,moderate,5970.36
CLM00359,2026-07-26,2020-07-28,40,2,6725,37160.16,18260.06,2,vandalism,pickup,fog,east,no,severe,16077.17
CLM00360,2025-04-02,2020-02-02,45,4,28007,25578.77,2381.32,1,vandalism,hatchback,clear,south,yes,minor,508.75
CLM00361,2025-01-21,2023-04-01,26,19,13282,41309.3,8396.31,2,collision,coupe,clear,west,yes,moderate,7734.69
CLM00362,2024-12-19,2023-05-18,45,18,3702,24255.09,2192.12,0,vandalism,pickup,clear,north,no,minor,3101.91
CLM00363,2026-04-20,2024-09-28,40,13,10749,42305.59,11372.77,0,hail,pickup,storm,south,no,moderate,10243.57
CLM00364,2024-12-17,2019-06-04,20,7,25578,39633.33,10813.7,1,collision,sedan,rain,north,yes,moderate,9578.94
CLM00365,2026-07-08,2023-02-16,30,4,12585,32086.15,2067.81,0,collision,pickup,rain,north,yes,minor,2732.48
CLM00366,2025-09-17,2022-12-06,51,17,5072,26379.27,7264.22,0,vandalism,suv,clear,east,no,moderate,5601.98
CLM00367,2025-10-23,2019-12-23,41,16,22497,35273.11,10072.12,3,hail,sedan,storm,east,no,moderate,10766.37
CLM00368,2026-02-12,2022-06-14,80,5,8255,41253.81,3279.34,0,collision,suv,clear,east,yes,minor,5428.89
CLM00369,2026-09-14,2021-03-21,48,12,12526,63926.99,14451.01,0,glass,sedan,rain,west,no,moderate,11519.55
CLM00370,2025-03-16,2019-04-11,78,12,3105,47091.31,3013.59,0,hail,sedan,clear,north,no,minor,5410.47
CLM00371,2026-01-29,2025-07-11,59,10,19254,47639.85,22899.86,0,collision,pickup,clear,east,no,severe,19207.72
CLM00372,2025-06-04,2023-03-13,20,19,15022,79327.68,22971.25,1,collision,hatchback,fog,north,no,moderate,17168.22
CLM00373,2025-12-05,2021-06-26,30,2,26411,40739.38,9631.2,3,hail,suv,fog,west,no,moderate,8114.84
CLM00374,2026-01-01,2021-02-02,62,5,12028,40269.65,24842.16,4,vandalism,sedan,clear,east,yes,severe,21286.86
CLM00375,2024-12-23,2024-01-06,52,1,8524,43560.23,12458.82,1,theft,pickup,clear,west,yes,moderate,14462.42
CLM00376,2026-07-24,2024-08-03,37,14,7481,17865.51,4933.12,1,collision,pickup,storm,east,no,moderate,5150.69
CLM00377,2025-04-11,2021-12-09,50,13,8404,26341.48,2326.74,0,hail,hatchback,fog,south,no,minor,1465.6
CLM00378,2025-04-03,2020-06-04,74,20,15179,25407.46,2167.73,2,hail,sedan,rain,east,yes,minor,1672.31
CLM00379,2025-12-27,2025-03-27,42,11,5353,42714.21,23752.49,0,glass,sedan,clear,west,yes,severe,20891.81
CLM00380,2026-03-23,2022-07-29,20,3,13864,30387.38,13682.81,0,collision,sedan,clear,north,no,severe,14248.92
CLM00381,2026-09-27,2024-11-23,37,9,26077,35073.35,10571.83,3,vandalism,sedan,storm,west,no,moderate,8866.24
CLM00382,2024-11-16,2023-07-06,76,1,23727,49311.82,5043.84,2,collision,coupe,rain,east,yes,minor,3115.78
CLM00383,2024-11-08,2021-09-17,65,14,20206,45947.26,3601.86,0,collision,suv,rain,north,yes,minor,2464.75
CLM00384,2026-04-08,2023-09-23,70,14,27115,30574.18,21186.95,1,hail,pickup,rain,west,yes,severe,20205.85
CLM00385,2026-09-07,2022-10-29,75,18,24066,22950.07,2384.6,0,hail,coupe,clear,north,no,minor,3055.72
CLM00386,2026-07-03,2024-07-14,25,7,20619,50029.12,12403.69,0,theft,coupe,clear,east,no,moderate,11996.12
CLM00387,2026-08-12,2021-08-22,35,6,26303,44608.37,4049.06,0,vandalism,suv,rain,north,yes,minor,5284.16
CLM00388,2025-02-01,2024-07-17,21,1,6359,8906.15,773.96,0,collision,hatchback,clear,north,yes,minor,3515.58
CLM00389,2024-12-18,2019-10-06,18,8,25093,28302.69,5960.26,0,collision,hatchback,rain,east,no,moderate,5955.45
CLM00390,2026-06-11,2026-03-09,70,9,10975,35482.73,14212.24,0,collision,sedan,rain,east,yes,severe,13615.24
CLM00391,2025-04-03,2020-10-20,77,15,22793,44682.45,10857.98,0,collision,pickup,storm,east,no,moderate,8935.7
CLM00392,2026-05-23,2024-04-02,27,15,27660,46651.52,13672.66,0,hail,hatchback,clear,south,yes,moderate,10909.71
CLM00393,2026-01-05,2023-08-28,63,2,16393,37258.59,8337.36,3,glass,suv,rain,west,yes,moderate,6006.57
CLM00394,2025-07-20,2025-05-10,51,5,5395,41778.71,26899.84,1,hail,hatchback,clear,north,yes,severe,21107.5
CLM00395,2025-04-23,2021-01-21,22,10,12996,33962.05,9279.12,2,collision,pickup,clear,west,yes,moderate,7018.31
CLM00396,2024-12-31,2023-12-08,75,7,13985,22892.22,6394.51,0,collision,sedan,clear,south,no,moderate,7388.38
CLM00397,2026-08-29,2022-08-30,72,0,28292,29081.03,6335.63,1,collision,pickup,clear,east,no,moderate,4880.25
CLM00398,2026-05-10,2021-12-19,53,17,28448,33284.87,2614.94,2,hail,coupe,fog,west,yes,minor,4842.72
CLM00399,2026-03-10,2021-01-31,62,15,18349,32479.81,2102.15,0,collision,pickup,storm,south,yes,minor,1783.17
CLM00400,2026-02-16,2021-11-03,43,10,28668,6000.0,2798.23,0,theft,pickup,clear,south,no,severe,5700.0
CLM00401,2024-10-02,2022-11-18,67,6,14780,27037.75,5096.01,0,vandalism,sedan,rain,west,no,moderate,4504.07
CLM00402,2025-03-12,2020-09-22,46,17,14102,33843.08,2101.15,0,hail,pickup,clear,west,yes,minor,596.64
CLM00403,2026-02-09,2021-02-13,80,0,25586,28779.45,1902.46,0,collision,pickup,rain,north,yes,minor,3653.55
CLM00404,2024-10-21,2022-11-03,21,9,21020,29297.64,16889.42,0,collision,hatchback,storm,east,no,severe,16962.25
CLM00405,2025-10-01,2024-12-06,28,16,17104,40319.87,9724.41,0,hail,hatchback,clear,south,yes,moderate,7445.52
CLM00406,2025-09-30,2020-05-18,79,20,15332,16815.64,3616.05,1,theft,pickup,clear,east,no,moderate,5451.9
CLM00407,2025-11-18,2024-12-02,36,5,22052,8579.37,835.06,0,collision,sedan,clear,south,yes,minor,695.45
CLM00408,2026-06-17,2022-11-07,37,13,23344,27777.45,15508.12,0,glass,suv,clear,north,yes,severe,13695.32
CLM00409,2024-11-17,2023-05-25,67,3,16246,44461.72,30661.96,1,collision,pickup,fog,west,no,severe,25764.44
CLM00410,2026-09-20,2025-11-21,29,2,3852,58313.3,15758.86,0,collision,coupe,clear,east,yes,moderate,12695.0
CLM00411,2026-05-26,2021-09-15,50,7,5749,44731.92,2538.89,0,collision,suv,clear,south,yes,minor,1009.11
CLM00412,2026-04-16,2025-05-10,36,18,6892,10976.04,3424.76,0,collision,hatchback,clear,north,yes,moderate,3584.95
CLM00413,2026-03-11,2022-02-16,30,14,15476,29514.49,19714.58,0,collision,coupe,storm,north,no,severe,18298.02
CLM00414,2026-06-26,2022-04-14,78,10,19583,36849.52,9960.08,0,collision,sedan,clear,south,no,moderate,8662.36
CLM00415,2026-09-17,2026-04-10,30,5,24702,35663.87,20024.38,0,theft,suv,rain,east,yes,severe,18790.11
CLM00416,2025-05-24,2024-04-14,23,2,9279,41089.57,9982.26,0,collision,sedan,rain,south,no,moderate,7956.45
CLM00417,2024-10-23,2020-01-05,60,5,24238,19244.27,1523.08,4,glass,suv,clear,east,yes,minor,1456.57
CLM00418,2026-07-04,2023-05-31,72,3,20984,33974.15,9865.52,2,glass,pickup,clear,south,yes,moderate,9822.12
CLM00419,2026-02-26,2025-05-09,26,3,4394,39304.84,21788.12,0,collision,suv,clear,north,yes,severe,17947.67
CLM00420,2025-09-26,2019-10-06,62,14,12483,45385.06,2925.03,0,collision,coupe,clear,east,yes,minor,3826.84
CLM00421,2024-11-22,2023-03-28,52,2,11172,20914.23,1229.6,0,vandalism,coupe,rain,north,yes,minor,1432.37
CLM00422,2025-05-12,2025-04-04,70,0,26940,27822.65,5395.59,2,glass,coupe,rain,north,no,moderate,5439.64
CLM00423,2025-03-20,2019-08-24,25,11,27873,6000.0,1276.3,2,glass,pickup,clear,north,yes,moderate,1496.58
CLM00424,2025-08-02,2025-05-29,79,6,25120,23678.07,11989.44,0,collision,pickup,clear,south,no,severe,11680.62
CLM00425,2025-11-30,2022-07-19,57,9,17256,25133.78,2484.12,0,collision,hatchback,clear,east,no,minor,2782.85
CLM00426,2026-05-08,2020-05-15,71,2,16307,17706.23,1194.75,0,collision,coupe,clear,west,yes,minor,1339.55
CLM00427,2025-01-08,2021-07-05,40,4,11410,35484.18,2531.47,2,vandalism,sedan,rain,north,yes,minor,3014.09
CLM00428,2025-02-20,2021-08-02,77,9,23868,32160.82,6703.99,2,theft,pickup,rain,north,yes,moderate,8644.31
CLM00429,2026-09-12,2024-04-23,57,14,5329,6000.0,1541.17,0,collision,sedan,rain,north,yes,moderate,4982.35
CLM00430,2025-04-26,2024-06-25,25,8,10320,36232.62,9694.51,1,theft,suv,clear,south,no,moderate,10438.24
CLM00431,2026-07-31,2023-02-05,76,11,6650,19075.14,4860.71,0,collision,suv,clear,north,no,moderate,3287.47
CLM00432,2025-04-09,2019-11-10,68,10,16345,40285.33,4096.58,1,hail,pickup,clear,south,no,minor,4942.56
CLM00433,2025-02-05,2024-06-23,36,5,11093,13772.23,4466.43,2,collision,pickup,fog,west,yes,moderate,5071.96
CLM00434,2026-06-27,2021-03-05,52,5,8332,33450.1,22121.91,0,hail,sedan,rain,south,yes,severe,20989.7
CLM00435,2025-11-18,2023-05-03,42,8,13163,28752.55,8504.84,0,vandalism,pickup,storm,east,yes,moderate,8794.41
CLM00436,2026-07-02,2023-03-27,52,0,26244,37546.53,2762.32,1,hail,suv,clear,east,no,minor,2313.6
CLM00437,2025-08-12,2024-07-20,78,14,18066,34870.46,9134.93,0,collision,sedan,clear,north,yes,moderate,8999.05
CLM00438,2024-11-22,2021-02-12,74,12,25223,29172.54,2125.82,2,vandalism,hatchback,rain,north,yes,minor,1796.64
CLM00439,2026-08-02,2025-06-03,31,6,27676,9955.92,932.36,0,hail,hatchback,clear,south,no,minor,1323.99
CLM00440,2025-12-14,2024-04-01,79,7,27358,10841.88,696.57,2,collision,suv,rain,south,yes,minor,2537.52
CLM00441,2024-10-20,2020-06-08,45,6,12477,24241.7,1609.65,0,collision,suv,clear,north,yes,minor,3271.95
CLM00442,2026-02-23,2025-10-07,62,13,26692,32875.8,1902.11,0,hail,coupe,fog,east,no,minor,2914.73
CLM00443,2026-06-26,2023-09-30,66,15,27554,23876.28,6359.23,0,collision,suv,clear,south,yes,moderate,6353.64
CLM00444,2025-10-09,2022-02-27,48,2,28910,42378.18,3773.77,0,collision,coupe,storm,south,yes,minor,6200.54
CLM00445,2025-09-24,2024-11-12,46,8,12477,28811.69,5056.58,0,collision,coupe,clear,east,yes,moderate,4975.72
CLM00446,2025-06-04,2023-08-05,46,0,9165,18524.81,10254.58,1,collision,suv,clear,west,yes,severe,9356.1
CLM00447,2026-02-13,2023-12-31,72,9,18775,28828.56,6674.71,0,collision,hatchback,clear,west,no,moderate,5091.09
CLM00448,2024-11-02,2020-10-24,42,5,28160,36387.9,10692.84,0,hail,pickup,clear,west,yes,moderate,10522.85
CLM00449,2025-09-15,2019-10-28,35,7,27317,37873.27,6848.76,0,collision,hatchback,fog,south,no,moderate,6554.45
CLM00450,2026-03-05,2021-02-15,40,9,18423,61175.69,3568.45,0,hail,hatchback,storm,north,yes,minor,3378.34
CLM00451,2024-10-29,2023-08-15,30,6,7029,22966.36,1969.83,2,collision,suv,fog,north,no,minor,2235.75
CLM00452,2024-11-24,2024-09-16,42,8,14407,31897.82,8412.92,3,collision,sedan,fog,south,no,moderate,7844.6
CLM00453,2025-10-01,2025-05-12,25,16,22281,39391.86,25969.47,0,collision,sedan,rain,south,yes,severe,21310.92
CLM00454,2026-09-12,2023-01-29,23,17,18130,32648.66,18950.85,1,vandalism,suv,clear,north,no,severe,17195.76
CLM00455,2025-07-22,2024-07-18,63,0,12328,25490.73,17799.98,1,glass,pickup,storm,north,no,severe,15548.61
CLM00456,2025-08-21,2024-03-08,22,7,12250,9761.14,2168.51,4,collision,suv,clear,north,no,moderate,4416.33
CLM00457,2026-06-14,2021-05-03,53,17,4613,25337.48,5946.41,0,collision,sedan,rain,east,yes,moderate,6320.85
CLM00458,2025-06-25,2020-03-17,67,11,10791,16894.46,11955.07,0,collision,suv,clear,south,no,severe,11581.77
CLM00459,2025-01-25,2020-01-02,63,4,21073,7100.9,2985.81,0,collision,hatchback,rain,north,yes,severe,4091.05
CLM00460,2026-07-15,2024-12-12,46,12,9515,21064.82,6201.18,2,glass,suv,clear,east,no,moderate,4229.05
CLM00461,2025-04-20,2021-07-16,30,3,29822,17293.62,6724.07,1,collision,suv,clear,west,no,severe,11447.98
CLM00462,2026-06-20,2022-10-04,76,0,5225,41756.8,22780.4,0,glass,sedan,clear,south,yes,severe,20530.06
CLM00463,2025-04-02,2024-01-27,70,13,18897,42016.38,8319.68,0,theft,suv,clear,south,no,moderate,10330.35
CLM00464,2025-11-29,2022-07-17,56,10,16407,19441.81,1647.6,1,collision,suv,clear,south,no,minor,1691.67
CLM00465,2026-09-26,2023-07-15,23,15,25500,29096.57,2744.16,2,glass,coupe,clear,south,no,minor,2595.3
CLM00466,2024-10-25,2022-05-20,20,7,26970,6000.0,1079.74,0,collision,coupe,clear,south,yes,moderate,1662.05
CLM00467,2026-06-01,2021-11-13,37,17,17674,25584.9,1633.88,1,vandalism,suv,clear,west,yes,minor,544.31
CLM00468,2025-07-22,2021-06-13,27,8,20014,38984.73,8825.81,0,collision,sedan,clear,west,yes,moderate,7465.81
CLM00469,2026-05-21,2023-02-21,72,15,21872,45374.07,9681.46,0,glass,sedan,rain,south,yes,moderate,9246.84
CLM00470,2024-11-18,2020-06-28,30,2,17066,22304.29,11407.81,0,theft,suv,clear,west,no,severe,13754.37
CLM00471,2025-04-10,2020-08-29,35,2,7992,48777.82,34101.38,1,collision,hatchback,clear,west,yes,severe,27162.95
CLM00472,2025-02-20,2021-09-09,79,16,14572,10264.62,1952.13,3,glass,hatchback,clear,north,no,moderate,2580.72
CLM00473,2025-11-19,2024-03-19,69,17,9522,14285.58,1090.24,0,collision,suv,clear,south,no,minor,2534.1
CLM00474,2025-10-24,2021-03-24,31,19,15539,43644.93,3401.7,0,collision,suv,clear,east,no,minor,2878.25
CLM00475,2025-06-24,2021-02-18,42,6,19609,58066.82,12603.48,0,vandalism,suv,rain,south,yes,moderate,10354.09
CLM00476,2025-03-07,2019-04-04,50,0,8650,40401.48,2802.58,0,collision,hatchback,clear,south,yes,minor,3419.71
CLM00477,2025-01-20,2024-01-31,59,20,9734,32394.86,9142.24,0,glass,pickup,clear,south,no,moderate,7923.34
CLM00478,2026-09-17,2024-02-21,76,12,25220,6000.0,3533.33,0,hail,sedan,clear,east,yes,severe,5700.0
CLM00479,2025-06-03,2019-11-07,72,5,13199,6000.0,1781.55,0,hail,hatchback,clear,south,yes,moderate,1979.02
CLM00480,2026-07-13,2023-05-24,79,16,8356,34941.14,8237.76,0,collision,pickup,clear,east,no,moderate,7080.21
CLM00481,2026-03-04,2020-06-28,20,18,22256,27629.06,7349.51,0,collision,pickup,rain,north,yes,moderate,5858.0
CLM00482,2025-02-02,2024-12-07,32,5,22349,16412.47,11158.58,1,glass,hatchback,clear,west,no,severe,9302.84
CLM00483,2026-04-01,2025-12-16,53,16,25307,33982.99,10286.63,0,collision,hatchback,rain,north,yes,moderate,8991.62
CLM00484,2025-02-26,2020-05-06,21,16,23520,34726.97,10869.66,1,theft,pickup,clear,north,yes,moderate,11822.41
CLM00485,2025-10-28,2023-08-13,40,10,29784,47166.24,3250.26,2,collision,suv,clear,north,no,minor,2319.9
CLM00486,2026-04-14,2023-02-11,27,13,18522,35049.03,11314.29,1,collision,hatchback,clear,south,yes,moderate,10299.26
CLM00487,2026-01-30,2023-06-17,76,5,10744,51425.92,4895.06,0,theft,suv,clear,east,no,minor,6609.07
CLM00488,2025-09-08,2023-03-08,21,19,26299,33119.91,9744.58,0,vandalism,hatchback,clear,west,no,moderate,6379.36
CLM00489,2025-03-21,2019-07-23,27,20,10150,31269.98,8603.52,1,vandalism,sedan,rain,south,yes,moderate,7303.95
CLM00490,2025-07-15,2024-11-23,30,20,10858,48964.68,5053.0,0,glass,suv,rain,north,yes,minor,5534.37
CLM00491,2024-11-18,2020-03-19,27,15,25370,18323.39,4420.23,0,collision,sedan,clear,south,yes,moderate,5434.51
CLM00492,2025-01-05,2019-08-25,53,0,26804,75216.71,6889.39,0,collision,suv,clear,north,no,minor,4089.9
CLM00493,2025-03-30,2021-04-04,40,7,12162,38628.86,3458.94,0,collision,hatchback,storm,south,no,minor,4148.78
CLM00494,2025-07-17,2023-02-11,75,9,22694,38712.44,3528.26,0,vandalism,hatchback,clear,east,yes,minor,2292.61
CLM00495,2026-03-03,2025-02-19,34,20,27905,40876.44,3763.51,1,collision,coupe,clear,north,yes,minor,4581.03
CLM00496,2025-12-03,2021-10-14,51,11,24567,61157.05,27395.27,0,theft,sedan,storm,west,yes,severe,23734.51
CLM00497,2026-07-06,2023-08-24,59,11,3134,44887.61,22452.2,0,collision,coupe,clear,north,yes,severe,19512.55
CLM00498,2025-12-31,2025-01-11,57,3,20944,8924.16,2086.81,2,vandalism,suv,clear,east,yes,moderate,2524.96
CLM00499,2024-11-23,2022-09-05,68,16,7587,54052.06,15523.75,0,vandalism,pickup,clear,west,yes,moderate,12380.26
CLM00500,2025-11-24,2020-02-08,30,7,25852,27886.55,7876.2,1,glass,pickup,clear,west,no,moderate,6233.58
CLM00501,2026-07-09,2024-11-11,49,1,4810,34607.33,22841.21,0,collision,coupe,clear,east,yes,severe,19622.13
CLM00502,2025-06-12,2024-04-21,68,20,29814,13811.19,4050.52,0,glass,sedan,rain,east,yes,moderate,2690.77
CLM00503,2024-10-28,2020-09-10,72,3,7788,40893.03,3459.94,2,collision,coupe,clear,north,no,minor,4341.82
CLM00504,2025-01-05,2023-09-30,56,0,14344,23229.39,4552.78,0,collision,sedan,clear,north,no,moderate,5153.29
CLM00505,2026-03-14,2020-08-26,59,1,9320,34502.54,20518.67,0,collision,coupe,clear,south,yes,severe,16556.91
CLM00506,2025-11-03,2020-08-28,72,9,24976,28738.51,2833.01,2,collision,pickup,rain,east,no,minor,4392.68
CLM00507,2025-09-08,2019-10-06,57,2,13624,61875.19,16797.64,1,theft,hatchback,clear,east,yes,moderate,15098.01
CLM00508,2026-04-03,2020-10-01,77,17,23104,62733.9,6210.03,1,collision,suv,rain,west,no,minor,5812.98
CLM00509,2026-03-18,2024-09-06,26,10,4814,33697.7,3503.03,0,collision,sedan,clear,south,yes,minor,4286.74
CLM00510,2026-04-11,2024-12-07,39,6,15227,33959.67,7772.7,0,hail,coupe,clear,west,no,moderate,7274.59
CLM00511,2024-10-04,2022-08-23,25,0,27599,27398.36,2485.52,1,glass,pickup,clear,south,yes,minor,3384.78
CLM00512,2025-04-04,2022-05-21,23,10,28028,49590.09,27928.46,0,hail,coupe,clear,north,no,severe,22865.2
CLM00513,2025-01-25,2019-10-05,47,3,8634,28066.2,6826.98,0,theft,pickup,clear,east,no,moderate,8949.85
CLM00514,2025-02-11,2020-09-04,32,20,13649,26679.94,1801.26,1,collision,coupe,rain,north,yes,minor,2599.83
CLM00515,2024-10-30,2020-12-02,43,6,14046,47678.89,22225.6,0,vandalism,coupe,storm,south,yes,severe,19410.07
CLM00516,2026-07-16,2021-03-28,45,9,18268,24925.51,5053.54,0,collision,hatchback,rain,west,no,moderate,5742.18
CLM00517,2024-12-26,2021-01-25,57,0,17508,32433.67,8748.09,0,collision,pickup,clear,west,yes,moderate,9239.36
CLM00518,2026-08-13,2024-04-13,77,2,5860,9280.34,1821.8,0,collision,suv,clear,south,no,moderate,3733.11
CLM00519,2025-10-18,2023-04-06,71,4,23592,43562.86,22973.2,1,hail,pickup,rain,north,no,severe,19327.76
CLM00520,2025-07-24,2022-05-30,41,1,9096,62113.0,5038.61,2,collision,pickup,clear,north,yes,minor,4346.53
CLM00521,2026-01-12,2025-06-04,38,15,11503,43818.38,3375.56,0,hail,hatchback,rain,north,yes,minor,3030.65
CLM00522,2026-06-16,2021-12-20,66,19,25699,54926.99,5329.93,0,collision,pickup,storm,west,no,minor,4077.45
CLM00523,2026-05-13,2022-05-28,25,20,21621,20308.47,1569.28,0,collision,suv,clear,west,yes,minor,1077.69
CLM00524,2025-02-05,2020-09-03,52,5,13707,36544.86,6849.41,0,collision,pickup,storm,east,no,moderate,4503.52
CLM00525,2026-02-10,2022-11-10,44,16,27637,18852.6,1953.61,0,collision,hatchback,storm,east,yes,minor,857.34
CLM00526,2026-02-16,2021-05-24,29,10,13640,29583.52,8926.75,3,collision,suv,clear,south,yes,moderate,10652.67
CLM00527,2024-11-25,2019-03-07,56,0,18268,44583.17,12216.08,0,hail,coupe,storm,north,yes,moderate,9489.08
CLM00528,2026-06-17,2022-12-29,38,1,9641,34527.31,21910.57,0,theft,sedan,clear,north,yes,severe,22379.07
CLM00529,2024-12-01,2022-03-13,29,11,7946,11810.38,2293.91,4,collision,pickup,clear,east,no,moderate,4474.77
CLM00530,2024-11-27,2024-03-15,59,8,16273,13274.56,8465.88,0,hail,suv,clear,north,yes,severe,9095.68
CLM00531,2025-07-21,2020-11-05,28,0,18202,12282.54,5570.83,3,collision,suv,clear,north,no,severe,6450.39
CLM00532,2026-06-02,2020-12-19,60,19,24757,40371.79,3208.38,0,collision,sedan,clear,west,no,minor,3314.7
CLM00533,2026-06-09,2022-03-15,28,15,13554,63958.42,12900.25,0,collision,sedan,fog,east,yes,moderate,12880.36
CLM00534,2026-03-07,2020-12-15,45,10,27170,53436.87,4925.9,3,collision,sedan,clear,south,yes,minor,6644.28
CLM00535,2025-08-05,2020-05-25,68,20,19399,6000.0,2796.95,0,collision,coupe,clear,north,no,severe,5688.04
CLM00536,2026-06-10,2021-08-14,32,20,4893,54316.14,11568.32,0,hail,coupe,rain,north,no,moderate,8530.52
CLM00537,2025-11-02,2022-10-08,66,20,22956,47046.01,2881.22,0,collision,hatchback,clear,south,yes,minor,2117.31
CLM00538,2026-07-08,2025-11-04,63,5,18520,9820.5,889.63,1,vandalism,sedan,rain,south,yes,minor,467.94
CLM00539,2025-09-01,2025-07-26,74,18,13512,28451.98,1997.34,1,collision,coupe,clear,east,no,minor,3896.24
CLM00540,2026-09-15,2025-05-30,28,10,15616,49432.84,12493.75,0,hail,pickup,fog,north,yes,moderate,11977.22
CLM00541,2025-05-01,2022-09-09,63,15,11148,41256.5,9275.97,1,vandalism,hatchback,rain,north,no,moderate,8254.59
CLM00542,2026-08-21,2022-02-20,77,18,19586,13363.57,1245.29,1,collision,coupe,clear,north,yes,minor,1773.53
CLM00543,2026-05-11,2023-07-27,66,3,18308,42161.13,2819.37,0,collision,hatchback,clear,south,no,minor,4578.66
CLM00544,2026-05-26,2026-03-07,29,9,15076,6000.0,606.96,0,theft,suv,clear,south,yes,minor,1758.44
CLM00545,2025-02-01,2023-10-04,69,2,10700,29657.67,6619.62,0,glass,pickup,fog,north,no,moderate,5767.95
CLM00546,2026-08-23,2020-09-29,24,5,13763,50069.35,3053.47,0,glass,hatchback,rain,east,yes,minor,2911.46
CLM00547,2025-11-21,2019-12-09,55,8,16442,33275.91,2247.28,0,collision,pickup,clear,south,yes,minor,1755.24
CLM00548,2025-07-26,2023-03-31,49,17,15741,25515.94,10446.24,0,vandalism,pickup,clear,north,yes,severe,9785.38
CLM00549,2025-09-19,2020-11-08,51,18,11351,46340.19,11367.75,0,collision,coupe,storm,east,no,moderate,9171.04
CLM00550,2025-05-22,2021-01-13,50,8,18714,47621.28,10121.32,0,collision,suv,clear,south,yes,moderate,10404.08
CLM00551,2025-02-21,2019-07-13,19,6,9117,52650.6,16211.48,1,hail,sedan,rain,south,yes,moderate,15116.63
CLM00552,2025-12-17,2020-08-09,50,11,16527,46115.14,11647.27,0,collision,hatchback,rain,south,no,moderate,10200.83
CLM00553,2025-02-03,2021-04-11,77,19,6281,49220.62,10336.59,4,theft,pickup,clear,north,yes,moderate,10894.13
CLM00554,2026-02-10,2023-09-08,45,20,15748,43993.63,3416.59,2,vandalism,coupe,clear,south,yes,minor,2720.1
CLM00555,2024-10-12,2020-12-23,35,4,24168,36982.93,2418.97,1,collision,suv,clear,east,no,minor,2923.4
CLM00556,2025-09-27,2023-10-06,80,3,25082,34342.63,15247.46,3,hail,pickup,clear,north,no,severe,14017.95
CLM00557,2025-04-11,2023-02-16,24,14,21757,29441.1,14255.87,2,collision,coupe,fog,east,no,severe,13927.2
CLM00558,2024-12-31,2021-04-21,48,6,23133,14814.48,2833.2,0,collision,coupe,rain,north,yes,moderate,4153.14
CLM00559,2025-03-01,2021-09-09,50,4,4780,18670.33,1214.6,1,collision,coupe,storm,east,yes,minor,1649.2
CLM00560,2025-01-17,2021-07-07,48,0,12217,28769.78,2906.5,0,glass,coupe,clear,north,no,minor,2153.09
CLM00561,2025-09-04,2023-04-24,76,8,20665,36621.78,3222.96,1,collision,pickup,clear,north,yes,minor,3315.08
CLM00562,2026-08-30,2024-02-25,44,8,24616,54612.19,37625.83,0,collision,suv,rain,south,no,severe,30173.03
CLM00563,2025-10-06,2025-08-15,79,11,18737,32373.04,15207.54,0,hail,hatchback,clear,east,yes,severe,13557.98
CLM00564,2026-05-21,2022-09-24,22,4,26049,48052.14,14586.32,0,glass,pickup,clear,east,no,moderate,12214.35
CLM00565,2024-12-20,2021-06-20,64,15,10372,49189.73,24818.68,3,glass,suv,clear,south,no,severe,19288.71
CLM00566,2026-04-11,2020-08-21,55,14,7144,29528.3,1857.96,0,theft,pickup,rain,north,yes,minor,5212.01
CLM00567,2026-04-17,2023-03-20,33,9,5332,41920.35,12396.1,0,collision,hatchback,rain,south,yes,moderate,10760.72
CLM00568,2026-04-01,2023-05-23,32,3,18733,29347.08,1727.46,0,theft,pickup,clear,west,yes,minor,4153.79
CLM00569,2025-06-18,2024-12-24,63,10,20960,52832.04,3985.28,0,vandalism,hatchback,storm,north,yes,minor,4094.48
CLM00570,2025-08-10,2024-05-11,58,14,10703,42537.65,27878.06,2,glass,pickup,clear,east,no,severe,22374.14
CLM00571,2024-11-07,2022-10-06,56,7,24159,15142.74,8914.09,1,vandalism,sedan,clear,south,yes,severe,8583.79
CLM00572,2025-12-01,2023-08-06,21,5,22958,35422.87,2864.55,0,collision,pickup,clear,north,yes,minor,2030.21
CLM00573,2026-03-08,2023-12-12,55,10,12723,57721.68,4212.21,0,collision,coupe,rain,east,yes,minor,3785.72
CLM00574,2026-08-26,2024-03-24,79,7,9447,30281.53,5640.19,0,theft,coupe,clear,north,no,moderate,7760.14
CLM00575,2026-09-25,2022-01-31,19,8,23043,39715.73,4113.23,0,collision,coupe,clear,south,yes,minor,3377.76
CLM00576,2026-01-01,2025-02-21,47,7,21128,41188.18,8287.72,2,collision,suv,clear,north,yes,moderate,8635.09
CLM00577,2024-11-24,2022-11-04,49,6,7611,17450.66,3722.16,1,collision,sedan,rain,east,no,moderate,2192.03
CLM00578,2025-09-13,2024-08-26,74,15,9888,40660.62,2737.43,0,hail,pickup,rain,north,yes,minor,2235.38
CLM00579,2024-12-17,2023-01-20,35,9,16121,12092.47,1204.18,1,glass,sedan,clear,north,yes,minor,2464.15
CLM00580,2026-07-18,2022-05-25,47,9,16801,23615.64,2188.16,0,vandalism,suv,fog,east,no,minor,1904.5
CLM00581,2026-07-24,2026-03-15,63,13,7481,49135.84,26332.82,1,glass,pickup,clear,west,yes,severe,20960.49
CLM00582,2025-01-30,2022-12-26,21,7,28614,38351.34,3906.48,0,vandalism,hatchback,clear,north,no,minor,2655.82
CLM00583,2026-07-15,2026-04-25,68,2,13493,28432.83,5200.86,1,hail,pickup,clear,south,no,moderate,2246.6
CLM00584,2026-08-24,2020-11-21,69,17,13295,39696.92,3925.87,0,collision,pickup,rain,west,no,minor,2814.82
CLM00585,2025-12-10,2021-07-16,63,1,4634,32098.62,5908.2,3,hail,sedan,clear,south,yes,moderate,7201.15
CLM00586,2024-11-24,2023-05-16,58,12,26645,33188.68,2481.66,0,collision,pickup,clear,south,yes,minor,2204.19
CLM00587,2025-05-15,2024-02-10,65,5,9349,42852.28,2510.81,0,collision,hatchback,clear,west,yes,minor,2343.24
CLM00588,2026-07-20,2025-11-18,67,4,29648,22089.48,7175.66,0,collision,hatchback,clear,east,yes,moderate,4534.66
CLM00589,2025-01-27,2022-03-08,74,0,16392,33605.05,10490.1,0,vandalism,hatchback,rain,south,yes,moderate,7122.03
CLM00590,2025-01-23,2020-07-03,44,18,26621,28315.98,2380.53,0,vandalism,hatchback,fog,west,no,minor,3404.03
CLM00591,2025-02-23,2021-08-06,46,9,7836,9215.95,612.46,1,glass,hatchback,clear,east,no,minor,1488.27
CLM00592,2024-12-11,2019-08-19,58,7,7478,19193.16,9142.41,1,glass,suv,rain,east,yes,severe,8115.1
CLM00593,2026-04-08,2024-02-22,30,15,24630,56523.1,4384.95,0,glass,suv,clear,south,no,minor,2776.59
CLM00594,2024-10-15,2023-01-21,71,0,25131,38770.85,2771.86,1,collision,sedan,clear,west,no,minor,3146.57
CLM00595,2026-02-08,2023-03-09,66,11,17664,13146.18,2342.61,1,glass,suv,clear,west,no,moderate,1620.55
CLM00596,2025-02-22,2023-11-12,57,10,3868,9894.68,865.79,0,glass,suv,fog,west,no,minor,250.0
CLM00597,2025-08-04,2019-09-18,37,11,28481,31317.54,8362.23,0,glass,hatchback,clear,east,no,moderate,6811.6
CLM00598,2025-03-10,2024-01-02,39,2,13619,56417.8,17526.0,0,collision,coupe,rain,south,yes,moderate,14891.33
CLM00599,2025-06-29,2022-07-26,45,20,28272,30198.63,7444.81,0,collision,sedan,clear,north,yes,moderate,7652.12
CLM00600,2025-06-18,2022-04-13,59,5,26510,52604.99,11925.88,1,glass,suv,rain,north,no,moderate,10591.87
CLM00601,2025-07-08,2025-02-05,67,14,25991,38278.96,9635.87,2,collision,sedan,clear,west,no,moderate,7444.27
CLM00602,2025-03-11,2022-04-30,60,15,21596,40068.76,8182.21,1,collision,coupe,fog,south,no,moderate,7829.09
CLM00603,2025-04-09,2022-06-28,76,7,21178,12964.19,1115.26,0,collision,pickup,rain,north,no,minor,1534.54
CLM00604,2026-06-24,2024-11-09,78,2,17384,47062.84,4375.04,1,collision,suv,clear,north,yes,minor,4242.81
CLM00605,2025-02-04,2024-04-03,62,6,3669,27976.02,5539.79,1,collision,hatchback,rain,north,yes,moderate,5656.87
CLM00606,2025-09-04,2025-04-29,41,16,13472,45946.39,3275.17,0,glass,pickup,clear,east,no,minor,1947.67
CLM00607,2026-02-07,2025-12-21,55,19,22725,20787.45,2029.99,2,glass,coupe,clear,east,yes,minor,250.0
CLM00608,2025-09-20,2022-10-12,44,19,24932,35655.74,2861.93,0,glass,hatchback,clear,south,yes,minor,3472.42
CLM00609,2024-10-25,2024-03-15,57,4,18108,38280.04,9752.82,0,collision,suv,rain,east,no,moderate,9052.02
CLM00610,2025-01-12,2019-04-03,69,12,22158,30689.5,2782.79,0,collision,pickup,rain,south,no,minor,1519.32
CLM00611,2025-01-30,2023-07-19,41,3,3587,39068.18,10223.51,0,collision,pickup,clear,west,yes,moderate,9534.06
CLM00612,2025-10-28,2021-11-13,49,14,15647,29004.04,5378.42,2,collision,pickup,storm,west,no,moderate,5485.16
CLM00613,2025-03-07,2021-02-05,20,8,16709,23264.1,6876.73,0,collision,sedan,clear,north,yes,moderate,6232.27
CLM00614,2025-12-23,2022-12-14,64,14,27097,57082.25,5725.13,0,vandalism,pickup,clear,south,no,minor,3853.68
CLM00615,2025-05-18,2020-01-18,48,14,11398,48734.29,8917.96,0,glass,sedan,clear,west,yes,moderate,7907.86
CLM00616,2025-06-21,2024-09-24,46,20,9208,21587.03,1334.51,0,theft,coupe,clear,east,no,minor,2461.02
CLM00617,2026-04-01,2024-10-11,51,10,12514,41526.66,25607.49,0,collision,coupe,clear,west,yes,severe,20740.56
CLM00618,2026-03-20,2024-08-20,31,7,7600,21859.82,5807.52,0,collision,hatchback,clear,south,yes,moderate,7013.16
CLM00619,2026-08-17,2025-09-28,55,11,18078,15229.73,1132.5,1,collision,pickup,clear,north,yes,minor,1816.52
CLM00620,2026-06-20,2024-08-20,64,3,20356,48507.14,12412.36,0,collision,sedan,clear,west,yes,moderate,10489.41
CLM00621,2025-11-18,2023-12-11,40,2,24631,7438.51,2086.51,1,collision,coupe,rain,west,yes,moderate,4074.75
CLM00622,2025-10-17,2021-03-03,26,10,29244,46902.84,11757.2,0,collision,suv,clear,east,no,moderate,9497.6
CLM00623,2026-06-02,2024-07-18,42,17,4987,29209.17,1832.26,1,theft,suv,rain,south,no,minor,3331.07
CLM00624,2025-11-30,2020-08-16,30,11,9676,29826.8,5619.83,2,glass,pickup,clear,north,yes,moderate,5661.99
CLM00625,2025-07-16,2020-11-13,41,16,11119,39146.27,9427.55,0,collision,coupe,clear,east,no,moderate,6946.46
CLM00626,2026-04-14,2020-11-05,57,3,9741,41717.98,28766.72,0,collision,hatchback,clear,east,no,severe,24333.14
CLM00627,2026-01-27,2025-05-14,25,9,25337,20604.85,1705.53,3,collision,hatchback,rain,east,no,minor,2012.27
CLM00628,2026-01-05,2020-01-31,65,12,6766,43765.88,10010.7,0,collision,hatchback,clear,north,yes,moderate,9763.18
CLM00629,2025-09-27,2022-01-04,32,7,3802,34700.56,10802.49,1,theft,suv,clear,east,yes,moderate,11504.46
CLM00630,2026-01-06,2020-02-06,74,0,26236,14159.18,3303.26,0,vandalism,hatchback,storm,east,no,moderate,3992.9
CLM00631,2025-04-11,2023-02-01,64,1,28961,30451.88,7654.75,0,glass,coupe,rain,west,yes,moderate,4854.46
CLM00632,2026-02-03,2020-05-07,35,19,9112,53719.19,3308.67,0,hail,suv,clear,east,yes,minor,2928.85
CLM00633,2025-11-18,2022-04-21,53,12,11987,58148.92,16607.92,2,collision,pickup,clear,east,no,moderate,12840.44
CLM00634,2025-12-27,2025-06-25,24,5,16586,43760.23,3921.55,0,collision,pickup,clear,south,yes,minor,3786.65
CLM00635,2026-05-20,2023-11-13,24,5,17201,15144.85,1425.49,1,collision,coupe,clear,east,no,minor,250.0
CLM00636,2025-05-18,2024-06-23,78,0,29754,40359.1,9031.51,1,collision,pickup,rain,east,yes,moderate,6841.85
CLM00637,2026-04-12,2020-08-09,68,19,13912,45762.91,3520.57,0,glass,coupe,clear,west,no,minor,3973.84
CLM00638,2026-02-26,2024-04-07,27,2,3327,43885.62,2812.21,0,collision,pickup,clear,west,no,minor,3393.84
CLM00639,2025-03-01,2023-10-06,35,15,14414,44774.31,4580.24,0,collision,coupe,clear,north,no,minor,3943.96
CLM00640,2024-11-07,2021-06-27,30,5,18025,38448.95,7225.0,0,collision,pickup,clear,west,no,moderate,5993.26
CLM00641,2025-05-29,2022-10-20,42,7,16956,31913.81,19121.94,1,collision,coupe,rain,west,no,severe,16263.54
CLM00642,2024-12-01,2024-04-05,36,5,16832,23874.49,6703.68,0,glass,coupe,clear,east,yes,moderate,5976.81
CLM00643,2025-01-15,2020-02-10,38,17,27911,6000.0,381.43,0,collision,coupe,clear,east,no,minor,931.0
CLM00644,2025-10-14,2020-09-05,51,0,24801,38094.63,19258.99,1,collision,hatchback,clear,east,no,severe,18993.12
CLM00645,2025-03-17,2020-09-17,29,7,9796,35790.79,2078.37,1,collision,pickup,clear,south,yes,minor,2491.66
CLM00646,2026-02-03,2022-05-07,73,5,12592,41363.64,23522.7,0,vandalism,coupe,clear,south,yes,severe,19895.06
CLM00647,2025-10-29,2023-05-10,63,5,21025,12936.84,4194.65,1,theft,suv,clear,west,yes,moderate,4811.64
CLM00648,2025-09-05,2022-05-18,65,4,14079,42675.25,3270.4,0,hail,sedan,rain,west,no,minor,2643.99
CLM00649,2024-10-29,2021-08-26,28,19,14567,63818.18,20645.26,1,collision,coupe,rain,north,no,moderate,16921.58
CLM00650,2025-01-19,2023-12-28,62,7,7534,34176.75,2120.97,0,collision,pickup,fog,west,yes,minor,2154.31
CLM00651,2025-10-08,2025-03-15,70,8,9868,32075.02,7501.33,0,glass,hatchback,fog,south,yes,moderate,5865.33
CLM00652,2025-06-11,2023-11-10,29,8,23002,37635.04,3736.95,0,collision,pickup,clear,north,yes,minor,4017.51
CLM00653,2026-05-06,2023-07-26,65,20,25759,63485.06,42808.58,1,collision,sedan,clear,west,yes,severe,35917.0
CLM00654,2025-02-20,2024-02-09,40,7,24187,17645.28,3944.4,1,theft,hatchback,clear,north,no,moderate,6164.94
CLM00655,2025-08-23,2024-12-05,67,7,11311,36048.1,21951.18,0,collision,suv,rain,north,yes,severe,20349.04
CLM00656,2025-09-07,2020-07-17,48,6,6690,21005.14,14229.57,2,collision,suv,clear,south,yes,severe,14626.89
CLM00657,2025-03-20,2022-11-28,68,6,7311,24794.93,2301.22,2,vandalism,coupe,clear,south,yes,minor,3601.23
CLM00658,2025-06-25,2021-12-06,27,1,13623,32256.15,8685.66,0,collision,hatchback,clear,north,no,moderate,7343.96
CLM00659,2026-08-09,2023-05-30,42,12,16979,53209.85,23164.91,1,collision,sedan,clear,north,no,severe,20051.81
CLM00660,2026-03-04,2021-09-21,35,0,27109,60014.86,3571.13,0,collision,suv,rain,south,yes,minor,3368.44
CLM00661,2026-05-24,2021-12-01,33,4,27269,39722.13,3396.32,4,hail,suv,rain,north,yes,minor,4361.63
CLM00662,2025-04-12,2023-06-10,37,4,3073,27351.08,2188.45,0,collision,coupe,clear,north,yes,minor,3368.1
CLM00663,2026-09-05,2021-07-24,42,6,22104,70391.08,4746.17,0,collision,suv,storm,west,yes,minor,4542.3
CLM00664,2026-05-06,2024-01-22,26,15,11066,26586.68,12804.52,0,hail,suv,clear,east,no,severe,13145.96
CLM00665,2025-07-21,2020-07-05,62,12,8340,24432.96,5712.75,0,hail,suv,clear,north,yes,moderate,4899.85
CLM00666,2025-05-11,2022-11-15,52,20,17986,6375.85,1589.68,1,glass,sedan,clear,north,yes,moderate,3159.95
CLM00667,2025-09-28,2025-01-01,70,7,3915,53941.37,27714.29,0,collision,pickup,rain,west,yes,severe,24370.1
CLM00668,2025-01-10,2020-06-06,62,19,12020,47523.68,3544.79,0,collision,hatchback,clear,south,yes,minor,4229.75
CLM00669,2024-11-29,2024-08-26,27,0,17910,69267.08,13324.21,0,theft,hatchback,clear,north,yes,moderate,12727.6
CLM00670,2026-06-26,2021-10-24,22,10,10345,12157.15,1185.91,2,hail,suv,fog,east,yes,minor,2577.18
CLM00671,2024-11-04,2024-07-04,44,16,19022,54872.56,4677.3,1,collision,pickup,clear,west,yes,minor,3653.65
CLM00672,2025-07-09,2024-03-18,48,11,15421,34052.03,2145.72,0,theft,sedan,clear,south,yes,minor,4043.28
CLM00673,2025-06-23,2021-10-23,33,19,24584,45091.5,3442.55,0,collision,coupe,rain,east,yes,minor,3779.15
CLM00674,2026-07-23,2020-11-18,67,6,7901,8283.34,629.55,0,glass,hatchback,fog,south,no,minor,250.0
CLM00675,2025-07-04,2022-12-31,54,0,4541,55021.23,14585.75,2,glass,suv,rain,north,yes,moderate,12286.32
CLM00676,2025-04-19,2024-07-02,65,16,17300,44797.75,3817.92,1,collision,hatchback,fog,west,yes,minor,2680.08
CLM00677,2025-08-03,2024-02-15,24,1,9936,32416.35,2819.27,1,glass,coupe,clear,west,yes,minor,2031.96
CLM00678,2026-07-31,2021-03-05,69,16,22081,42676.69,11936.05,2,glass,sedan,clear,west,no,moderate,9943.72
CLM00679,2025-09-14,2021-04-21,30,15,5518,21517.57,1311.73,0,collision,hatchback,rain,north,no,minor,1213.71
CLM00680,2024-11-16,2024-03-14,46,17,18533,24308.4,5365.8,1,collision,hatchback,clear,east,no,moderate,5825.93
CLM00681,2025-04-20,2022-12-07,45,10,29726,26048.33,10177.73,0,hail,coupe,clear,east,no,severe,10444.52
CLM00682,2026-06-22,2024-10-26,69,18,5514,6000.0,1459.18,0,collision,hatchback,fog,north,no,moderate,1930.43
CLM00683,2024-10-30,2023-09-11,35,3,11149,45926.38,10995.44,0,collision,pickup,clear,west,yes,moderate,10184.69
CLM00684,2024-10-31,2019-09-22,33,9,25799,50873.9,14506.64,0,collision,pickup,clear,north,no,moderate,11380.62
CLM00685,2026-05-30,2022-08-29,39,2,17406,22479.84,4497.49,3,glass,coupe,storm,south,no,moderate,7016.17
CLM00686,2025-02-23,2024-01-01,40,16,7724,38223.05,22681.3,0,collision,suv,storm,west,yes,severe,19621.06
CLM00687,2025-12-08,2021-12-27,29,14,8754,29016.89,14108.28,2,vandalism,pickup,fog,east,yes,severe,12246.67
CLM00688,2025-07-24,2023-01-09,29,16,23650,37924.11,2818.97,1,collision,suv,storm,east,yes,minor,2225.32
CLM00689,2025-11-10,2025-05-31,32,16,26245,23586.34,6672.41,1,collision,coupe,clear,south,yes,moderate,7831.72
CLM00690,2025-03-08,2022-06-06,47,6,12735,19748.62,3667.95,3,glass,coupe,storm,west,no,moderate,3721.77
CLM00691,2024-10-03,2023-07-30,39,1,15793,48781.12,3534.37,0,collision,suv,clear,north,yes,minor,2180.98
CLM00692,2025-02-27,2023-08-15,42,19,24135,32041.94,7488.15,0,collision,hatchback,rain,east,no,moderate,7945.18
CLM00693,2024-11-20,2019-08-02,63,10,7777,63331.63,17882.47,0,collision,coupe,clear,north,no,moderate,14159.8
CLM00694,2024-11-09,2020-07-22,33,1,8569,33694.65,6903.48,0,hail,sedan,rain,north,yes,moderate,6973.93
CLM00695,2026-07-27,2025-09-10,75,19,23910,19108.83,1939.08,2,collision,pickup,clear,east,yes,minor,3691.7
CLM00696,2026-03-30,2021-02-07,65,20,8040,51404.11,5340.51,0,collision,coupe,storm,south,no,minor,5119.63
CLM00697,2025-04-22,2021-10-24,29,9,23812,42462.0,4046.95,0,collision,coupe,clear,north,no,minor,6309.71
CLM00698,2025-07-27,2020-04-17,37,16,16420,43903.09,9656.79,0,collision,sedan,clear,west,yes,moderate,6928.15
CLM00699,2026-08-25,2022-02-16,29,0,29731,50859.01,30722.71,0,collision,pickup,clear,south,yes,severe,24702.4
CLM00700,2026-07-23,2024-06-17,35,1,3889,23208.06,9571.91,1,theft,pickup,clear,west,no,severe,11515.83
CLM00701,2025-09-16,2022-06-14,41,5,28541,31091.2,3041.38,0,collision,sedan,rain,north,no,minor,5450.97
CLM00702,2025-07-08,2022-04-14,26,13,9083,30428.25,2457.62,1,collision,pickup,clear,north,yes,minor,4747.49
CLM00703,2026-05-31,2022-01-20,18,2,3947,13638.8,2747.75,1,hail,pickup,clear,south,yes,moderate,4797.07
CLM00704,2026-05-28,2024-11-05,45,0,22549,29046.15,6509.6,1,hail,coupe,clear,east,no,moderate,5422.79
CLM00705,2026-06-28,2024-06-06,62,14,17378,53045.69,15654.39,0,collision,sedan,clear,south,yes,moderate,12293.65
CLM00706,2025-08-14,2024-01-31,37,16,25610,36560.07,3574.51,1,collision,coupe,rain,north,yes,minor,2925.09
CLM00707,2026-09-25,2024-11-22,72,15,5925,12809.08,1036.85,0,collision,hatchback,clear,east,no,minor,963.11
CLM00708,2025-08-09,2024-07-26,41,16,5181,9662.41,2387.07,0,glass,suv,clear,west,yes,moderate,4161.4
CLM00709,2025-10-18,2025-07-01,74,16,18316,57971.64,16673.24,1,collision,suv,clear,north,yes,moderate,13640.97
CLM00710,2025-10-25,2020-02-25,32,12,26816,31645.21,3027.09,1,collision,pickup,clear,south,no,minor,3248.01
CLM00711,2025-05-23,2024-11-13,51,10,13956,23288.85,14844.3,0,collision,coupe,rain,south,no,severe,14862.28
CLM00712,2025-09-14,2020-05-07,66,17,24533,28890.12,6721.7,2,collision,suv,clear,east,yes,moderate,5236.1
CLM00713,2025-04-17,2025-03-12,21,7,27468,10840.38,6469.92,0,collision,coupe,clear,north,yes,severe,8110.99
CLM00714,2025-03-22,2020-07-10,76,2,26482,54346.43,16499.79,1,collision,pickup,rain,north,yes,moderate,12662.98
CLM00715,2024-11-28,2022-11-17,40,15,16734,27104.21,5360.24,4,hail,sedan,clear,north,no,moderate,5634.96
CLM00716,2025-02-24,2021-12-29,49,5,21858,53511.02,27455.71,0,hail,hatchback,clear,east,no,severe,22231.69
CLM00717,2025-09-18,2023-12-16,57,20,17193,33774.78,13634.35,2,hail,coupe,clear,north,no,severe,12588.75
CLM00718,2025-10-06,2022-10-08,58,8,21202,54442.98,28306.51,1,vandalism,sedan,storm,east,no,severe,23686.27
CLM00719,2026-04-11,2023-07-07,19,17,18311,36850.42,23578.86,1,collision,sedan,clear,south,no,severe,20777.99
CLM00720,2025-07-20,2022-04-28,72,0,17178,45798.49,9368.28,1,glass,sedan,clear,south,no,moderate,7655.34
CLM00721,2026-06-21,2024-01-20,57,13,14794,43786.4,3590.95,1,vandalism,hatchback,storm,west,yes,minor,3636.17
CLM00722,2024-11-20,2021-08-14,80,9,20625,42349.37,2445.94,0,vandalism,sedan,rain,west,no,minor,1392.46
CLM00723,2025-01-22,2020-01-28,47,9,23280,38219.02,26035.73,1,hail,coupe,clear,west,no,severe,22657.31
CLM00724,2026-07-05,2023-11-05,56,5,27816,29507.24,2813.82,0,collision,sedan,storm,west,yes,minor,2819.75
CLM00725,2025-03-06,2022-12-13,45,20,19557,61731.52,15658.9,4,collision,sedan,clear,north,yes,moderate,13210.74
CLM00726,2026-07-07,2025-08-26,74,8,5714,19395.95,11984.95,0,collision,suv,rain,west,no,severe,11234.41
CLM00727,2025-04-22,2023-02-02,70,17,18862,33064.61,13863.74,0,collision,pickup,rain,north,yes,severe,13140.5
CLM00728,2026-07-28,2025-09-29,75,8,11525,33223.29,22057.58,2,collision,coupe,clear,south,no,severe,21512.1
CLM00729,2025-10-09,2024-08-09,49,1,3723,39036.61,11019.61,0,collision,suv,clear,east,yes,moderate,9570.81
CLM00730,2025-06-07,2019-09-11,67,18,4956,26557.91,5125.55,0,collision,hatchback,clear,east,yes,moderate,4245.99
CLM00731,2025-04-16,2024-09-04,40,3,18965,37721.19,26730.27,1,glass,pickup,fog,east,yes,severe,22994.61
CLM00732,2025-11-29,2022-12-19,47,5,28510,30467.36,1739.12,0,hail,pickup,clear,east,no,minor,1430.24
CLM00733,2024-11-27,2019-11-14,65,18,16650,9270.71,798.84,0,theft,sedan,clear,south,yes,minor,3158.92
CLM00734,2025-03-14,2019-06-16,23,18,15022,33143.28,14638.7,0,collision,coupe,rain,east,no,severe,13334.2
CLM00735,2026-05-01,2025-05-18,62,19,5393,16491.52,4665.26,0,theft,coupe,rain,south,yes,moderate,7639.76
CLM00736,2025-05-29,2024-05-10,18,8,21234,6984.21,1296.0,0,glass,pickup,clear,south,yes,moderate,1292.36
CLM00737,2025-04-15,2022-12-29,54,15,4497,35053.1,2099.43,0,hail,hatchback,rain,east,yes,minor,3559.45
CLM00738,2026-01-30,2022-09-15,48,6,25711,40318.25,9875.7,0,hail,suv,clear,east,yes,moderate,7411.24
CLM00739,2025-04-10,2019-06-29,47,15,25043,40900.47,29162.98,0,collision,coupe,storm,south,no,severe,24104.44
CLM00740,2024-12-14,2023-08-22,49,10,29757,41507.56,8985.45,0,collision,coupe,clear,north,no,moderate,9569.52
CLM00741,2025-02-11,2024-01-22,48,1,10675,6000.0,512.41,1,hail,hatchback,clear,south,yes,minor,1367.11
CLM00742,2025-03-23,2023-08-22,43,8,7368,12584.75,3181.3,1,glass,pickup,rain,south,yes,moderate,5692.0
CLM00743,2025-06-24,2020-03-15,46,9,11087,62602.82,41499.38,0,collision,suv,clear,north,no,severe,33010.41
CLM00744,2026-03-17,2025-12-12,53,5,24587,17291.87,8304.15,0,collision,pickup,clear,north,no,severe,9636.03
CLM00745,2025-02-27,2022-10-27,66,7,8908,42162.62,3484.21,2,collision,sedan,clear,west,yes,minor,5773.78
CLM00746,2026-01-08,2025-03-26,52,10,26961,22695.94,7208.08,1,collision,coupe,rain,south,no,moderate,5555.89
CLM00747,2025-09-07,2024-09-02,58,1,7163,34195.09,2460.82,0,glass,hatchback,storm,east,yes,minor,384.04
CLM00748,2026-02-13,2020-08-04,70,3,4319,23501.19,5661.69,0,hail,hatchback,rain,north,yes,moderate,4630.91
CLM00749,2026-02-14,2026-01-12,80,16,8922,41423.12,4086.93,0,collision,sedan,fog,west,no,minor,4755.96
CLM00750,2026-06-07,2024-06-10,24,7,23361,35051.61,7882.22,2,collision,hatchback,storm,north,no,moderate,6125.35
CLM00751,2024-10-29,2019-04-23,62,12,19262,26275.65,6098.61,2,collision,sedan,clear,south,no,moderate,7048.05
CLM00752,2026-06-15,2022-10-05,32,11,12577,17247.42,1217.63,2,collision,coupe,clear,west,yes,minor,2763.4
CLM00753,2026-07-30,2026-01-26,30,11,20713,37016.61,3511.3,0,theft,pickup,storm,north,yes,minor,6842.53
CLM00754,2024-11-16,2022-01-12,67,8,20512,14809.22,1490.67,0,vandalism,hatchback,storm,east,no,minor,2618.77
CLM00755,2025-08-21,2019-10-16,22,10,17978,39412.22,3400.99,0,hail,coupe,fog,west,yes,minor,3462.76
CLM00756,2025-11-15,2023-06-01,71,17,16879,72397.27,19441.89,0,collision,coupe,rain,north,yes,moderate,17057.29
CLM00757,2025-04-10,2022-01-19,66,20,5740,53252.55,3979.04,0,hail,sedan,clear,north,no,minor,4053.81
CLM00758,2025-12-25,2022-09-28,80,5,10013,43775.22,2477.64,1,hail,sedan,fog,west,yes,minor,2153.83
CLM00759,2026-06-29,2022-06-27,60,14,17248,31715.89,14031.09,0,collision,suv,fog,south,yes,severe,12357.78
CLM00760,2025-04-16,2024-02-05,72,20,6651,6000.0,378.46,2,hail,sedan,rain,west,yes,minor,713.13
CLM00761,2026-05-25,2021-04-29,25,0,15848,13165.7,5572.26,0,hail,hatchback,storm,west,no,severe,7021.95
CLM00762,2025-08-23,2019-09-09,74,16,6157,52241.89,14267.63,0,glass,hatchback,clear,west,yes,moderate,11397.71
CLM00763,2024-11-07,2023-12-04,28,10,24256,21153.66,4134.53,2,collision,hatchback,fog,west,yes,moderate,2901.67
CLM00764,2024-11-16,2019-12-08,37,20,5789,22511.22,4228.62,1,collision,sedan,clear,west,yes,moderate,4705.05
CLM00765,2026-01-10,2021-02-03,26,12,5498,30515.24,2269.23,0,collision,coupe,storm,south,yes,minor,2662.43
CLM00766,2025-03-10,2020-09-13,43,17,20220,17069.31,7974.4,1,collision,coupe,clear,west,yes,severe,9869.11
CLM00767,2025-07-10,2023-03-29,65,3,8954,14598.47,6323.09,0,collision,hatchback,clear,south,no,severe,9579.43
CLM00768,2025-10-16,2022-12-04,34,2,12488,32242.89,2031.76,0,vandalism,sedan,clear,east,yes,minor,2148.52
CLM00769,2026-06-20,2021-05-26,69,19,11485,19627.06,4189.02,0,collision,suv,clear,north,yes,moderate,3806.53
CLM00770,2025-12-30,2025-01-03,56,11,8849,21884.72,5592.15,0,collision,pickup,clear,west,yes,moderate,3908.27
CLM00771,2025-06-12,2020-06-10,57,11,23568,21282.13,13517.8,1,glass,pickup,fog,east,yes,severe,13249.83
CLM00772,2024-10-10,2019-03-24,77,3,21681,40835.4,12369.72,0,collision,suv,clear,west,yes,moderate,9737.11
CLM00773,2026-09-27,2022-08-10,45,4,9447,29518.11,2717.68,1,collision,coupe,storm,south,no,minor,4003.57
CLM00774,2025-04-25,2023-03-17,39,17,21545,30321.42,17959.69,1,theft,coupe,clear,south,no,severe,19208.4
CLM00775,2025-01-21,2021-08-27,80,6,22264,41954.19,28718.32,0,collision,hatchback,clear,east,no,severe,22533.12
CLM00776,2024-11-05,2024-06-20,53,12,17558,30869.41,7808.74,0,collision,suv,rain,west,yes,moderate,7876.19
CLM00777,2025-11-25,2020-04-13,56,6,18617,28826.19,2490.62,0,hail,hatchback,rain,east,no,minor,3735.87
CLM00778,2026-07-06,2024-05-24,36,5,28244,40056.76,9483.16,1,collision,sedan,clear,west,no,moderate,9726.91
CLM00779,2026-03-17,2025-10-15,31,3,15255,43022.97,9641.78,1,collision,hatchback,rain,north,yes,moderate,6725.7
CLM00780,2025-01-18,2020-04-01,28,19,13406,30793.9,2214.76,1,collision,sedan,storm,west,yes,minor,1920.98
CLM00781,2024-12-29,2021-01-03,32,19,17553,34209.12,14844.87,0,glass,sedan,clear,east,no,severe,12058.13
CLM00782,2025-06-22,2021-09-10,30,2,25569,21273.15,6264.72,0,collision,hatchback,fog,west,yes,moderate,6734.07
CLM00783,2026-07-03,2026-02-06,65,7,22159,20089.75,8101.62,0,vandalism,hatchback,rain,north,yes,severe,9146.49
CLM00784,2026-07-03,2021-12-17,21,11,5028,44537.21,12301.3,0,collision,coupe,rain,south,no,moderate,7859.04
CLM00785,2025-10-16,2021-12-04,57,8,15400,39674.13,3867.99,1,theft,hatchback,clear,north,yes,minor,4964.12
CLM00786,2025-07-28,2020-10-10,77,15,22976,39829.48,21872.41,0,collision,coupe,clear,south,no,severe,19948.86
CLM00787,2026-09-07,2021-09-08,66,5,9045,37212.82,6904.1,0,collision,coupe,clear,west,yes,moderate,6818.93
CLM00788,2025-05-18,2024-01-15,43,1,29689,33693.05,8061.49,0,theft,suv,rain,east,yes,moderate,8950.54
CLM00789,2025-08-29,2024-04-29,21,7,24819,43446.18,3148.76,0,hail,coupe,rain,west,yes,minor,2552.11
CLM00790,2026-09-22,2021-02-26,70,12,25858,47026.63,4858.13,1,collision,hatchback,clear,east,yes,minor,3618.91
CLM00791,2026-07-23,2023-04-28,18,3,5206,46668.42,13006.01,0,collision,hatchback,rain,west,no,moderate,11047.27
CLM00792,2025-11-03,2023-02-27,60,17,18651,31488.33,8917.62,2,collision,sedan,clear,west,no,moderate,8532.78
CLM00793,2025-04-21,2023-07-08,60,0,17250,53804.89,29873.71,2,collision,suv,clear,east,no,severe,25884.33
CLM00794,2025-02-05,2021-03-22,30,1,19923,36426.91,22552.14,2,theft,hatchback,fog,west,yes,severe,21994.04
CLM00795,2025-11-20,2021-04-29,64,10,25957,42485.64,12039.82,1,collision,suv,clear,north,yes,moderate,10634.53
CLM00796,2026-02-27,2026-01-23,29,10,12539,37231.32,2203.54,1,collision,hatchback,clear,east,yes,minor,3861.46
CLM00797,2024-10-24,2021-06-13,32,6,17417,36705.1,7649.01,1,collision,sedan,clear,east,yes,moderate,7012.36
CLM00798,2025-10-31,2019-11-07,69,5,21346,21963.72,1243.64,0,collision,suv,clear,west,no,minor,451.4
CLM00799,2026-02-12,2024-05-15,79,1,23336,43520.26,24076.99,0,collision,pickup,rain,east,yes,severe,21212.49
CLM00800,2025-11-12,2024-02-12,34,13,23801,75679.42,23185.9,1,collision,pickup,fog,north,yes,moderate,18700.23
CLM00801,2026-09-22,2021-06-05,76,7,12097,27378.07,16047.74,0,collision,coupe,clear,east,yes,severe,15451.3
CLM00802,2026-02-22,2025-09-11,75,2,29953,34064.92,2725.53,0,glass,coupe,clear,west,no,minor,947.93
CLM00803,2025-09-19,2023-04-11,66,8,3259,26306.92,2642.43,2,collision,coupe,clear,north,yes,minor,5053.35
CLM00804,2024-11-29,2022-02-09,26,19,16296,25679.7,11346.12,0,vandalism,sedan,clear,north,no,severe,11779.71
CLM00805,2025-04-10,2020-06-14,36,5,19437,56166.74,10457.72,0,collision,pickup,clear,east,no,moderate,8941.56
CLM00806,2025-03-09,2024-05-04,60,18,4655,22905.43,15752.31,1,collision,suv,clear,east,no,severe,13986.21
CLM00807,2025-08-29,2023-01-01,80,5,15181,25888.79,17679.92,0,collision,suv,storm,east,yes,severe,17206.7
CLM00808,2026-07-12,2025-07-17,69,3,19088,9187.61,2549.06,2,collision,suv,clear,north,yes,moderate,2793.55
CLM00809,2025-12-19,2021-03-16,44,5,19406,21635.82,4584.56,0,hail,hatchback,clear,east,yes,moderate,6912.25
CLM00810,2024-10-03,2020-12-01,32,6,6213,7374.0,2363.11,2,glass,sedan,clear,east,no,moderate,2398.23
CLM00811,2026-08-29,2023-08-18,78,2,10493,42477.07,27081.86,1,theft,hatchback,rain,west,no,severe,26099.44
CLM00812,2024-12-28,2022-07-30,35,12,9608,74995.46,45551.13,0,hail,sedan,clear,south,no,severe,35662.34
CLM00813,2025-05-19,2024-05-22,39,7,20278,27499.82,1834.23,0,collision,hatchback,clear,south,yes,minor,3901.39
CLM00814,2026-03-07,2020-08-15,78,15,11877,7998.63,2015.36,0,collision,pickup,storm,north,yes,moderate,2416.19
CLM00815,2025-03-12,2021-04-07,53,10,18429,46499.99,4439.99,0,vandalism,sedan,clear,east,no,minor,3715.63
CLM00816,2025-01-28,2023-02-06,34,9,22738,22096.13,6718.09,0,collision,sedan,storm,east,yes,moderate,7341.77
CLM00817,2026-08-30,2024-02-14,18,9,24527,52490.2,13606.22,4,collision,coupe,clear,south,yes,moderate,12878.56
CLM00818,2026-07-15,2022-02-21,45,3,7963,28769.56,16039.66,0,glass,pickup,rain,east,no,severe,15299.32
CLM00819,2025-06-02,2021-01-23,80,14,27396,23522.76,6578.2,2,glass,suv,fog,west,yes,moderate,5558.83
CLM00820,2024-10-01,2021-12-06,45,2,7475,30330.64,2467.58,0,hail,coupe,clear,north,yes,minor,2511.47
CLM00821,2026-09-13,2024-10-26,62,15,3590,44366.65,3374.03,4,collision,suv,rain,east,yes,minor,5397.69
CLM00822,2025-06-02,2021-06-01,33,20,4214,29588.69,1778.28,0,glass,coupe,clear,east,yes,minor,825.11
CLM00823,2026-06-23,2022-06-26,66,16,8428,25549.13,1585.33,0,collision,sedan,rain,north,no,minor,2713.98
CLM00824,2025-06-13,2021-10-21,66,9,26578,30017.53,19087.87,1,collision,pickup,storm,north,yes,severe,17104.11
CLM00825,2025-07-02,2024-12-26,56,6,8613,13922.17,796.12,0,collision,sedan,rain,south,yes,minor,1779.08
CLM00826,2026-07-26,2023-09-05,66,18,21725,38955.47,2279.31,2,glass,sedan,storm,north,yes,minor,2335.65
CLM00827,2025-05-22,2021-08-29,54,5,14299,6199.1,1926.04,0,glass,hatchback,clear,south,yes,moderate,1548.47
CLM00828,2024-12-15,2019-03-26,41,10,4078,26338.18,2364.95,0,hail,sedan,clear,north,no,minor,2092.07
CLM00829,2025-01-08,2021-10-26,64,16,14992,44390.78,2494.86,0,collision,hatchback,clear,west,no,minor,2941.23
CLM00830,2026-09-09,2024-07-28,70,19,3763,37545.72,18321.35,1,collision,suv,rain,east,yes,severe,16668.65
CLM00831,2026-04-04,2022-11-15,70,19,15857,41854.81,3877.4,0,collision,sedan,storm,south,yes,minor,5364.46
CLM00832,2026-04-08,2025-02-18,31,1,18084,32024.31,2435.28,0,glass,coupe,rain,west,yes,minor,3013.36
CLM00833,2025-11-04,2025-03-23,60,18,17077,50546.19,12399.97,0,collision,coupe,clear,north,yes,moderate,10917.96
CLM00834,2026-06-18,2022-05-09,18,2,10628,46870.49,3656.95,0,collision,coupe,clear,east,yes,minor,2869.86
CLM00835,2025-01-15,2019-02-06,54,12,23698,39692.12,2607.87,0,hail,sedan,rain,east,no,minor,1703.64
CLM00836,2025-03-12,2020-02-02,53,19,19112,46913.19,4251.59,3,collision,suv,storm,west,yes,minor,6574.96
CLM00837,2025-02-17,2021-08-01,40,13,9879,44256.35,2697.17,0,glass,suv,clear,north,yes,minor,1182.08
CLM00838,2026-05-09,2026-01-12,80,19,14734,26408.05,14587.62,1,collision,suv,clear,east,yes,severe,14196.95
CLM00839,2026-09-20,2020-10-08,73,7,5929,12841.52,2574.64,0,vandalism,hatchback,clear,west,no,moderate,3414.69
CLM00840,2024-12-05,2022-03-06,20,6,27930,39305.43,2288.9,0,collision,hatchback,clear,west,yes,minor,2336.68
CLM00841,2026-03-04,2024-05-15,31,6,23333,41191.34,2589.93,0,collision,hatchback,fog,north,no,minor,1862.55
CLM00842,2025-06-08,2020-01-20,31,7,10771,49357.08,33162.06,0,collision,suv,clear,west,yes,severe,26491.79
CLM00843,2024-12-06,2020-06-01,74,14,21223,18955.18,1221.76,0,collision,coupe,clear,south,no,minor,1333.16
CLM00844,2026-09-04,2022-02-21,50,9,21337,19403.53,9252.8,0,theft,coupe,clear,south,no,severe,10652.52
CLM00845,2026-09-27,2025-01-03,63,15,19461,39898.5,2498.79,0,collision,suv,clear,north,yes,minor,4126.85
CLM00846,2026-09-27,2020-10-06,69,8,4459,31932.5,20044.98,4,collision,suv,fog,north,yes,severe,18543.26
CLM00847,2026-06-08,2023-08-31,66,6,26721,6000.0,464.29,0,hail,hatchback,clear,south,yes,minor,460.49
CLM00848,2026-08-24,2023-05-29,23,3,28809,38626.62,3912.66,0,collision,suv,clear,north,no,minor,3924.07
CLM00849,2025-02-09,2020-07-26,26,11,29302,6000.0,1647.89,0,hail,coupe,clear,east,no,moderate,3204.44
CLM00850,2025-07-15,2021-07-14,42,18,29481,18821.15,1534.05,0,vandalism,hatchback,fog,east,yes,minor,1259.9
CLM00851,2024-10-15,2023-09-08,39,18,28079,53275.22,14570.49,1,collision,sedan,fog,south,yes,moderate,13272.73
CLM00852,2025-02-22,2023-04-08,65,5,22955,60373.19,10931.4,0,vandalism,sedan,clear,east,yes,moderate,7799.46
CLM00853,2024-10-27,2022-08-06,27,10,4535,14765.15,4689.4,1,collision,sedan,clear,east,yes,moderate,6427.67
CLM00854,2026-04-09,2020-07-23,41,14,15561,28059.13,2859.47,0,collision,suv,clear,north,no,minor,3049.87
CLM00855,2026-03-04,2021-11-05,32,12,9619,33639.34,7280.26,0,collision,suv,clear,south,yes,moderate,6893.77
CLM00856,2025-01-18,2022-10-17,29,1,8940,59718.4,5145.23,3,glass,coupe,clear,west,yes,minor,3801.55
CLM00857,2026-04-05,2021-10-24,28,12,25427,25606.97,11564.93,0,theft,coupe,rain,north,no,severe,11798.9
CLM00858,2026-08-20,2022-03-02,30,0,24938,25846.74,6645.73,1,collision,sedan,storm,west,no,moderate,4998.25
CLM00859,2025-05-30,2022-12-27,53,2,17096,56230.88,16341.73,0,glass,coupe,clear,west,no,moderate,11953.27
CLM00860,2025-02-23,2022-09-03,43,13,22882,27378.16,19031.69,3,collision,hatchback,clear,south,yes,severe,18230.49
CLM00861,2024-10-24,2019-06-03,45,2,6493,43833.03,9901.12,0,glass,suv,clear,south,no,moderate,7117.53
CLM00862,2024-11-22,2021-06-22,48,7,8992,10842.86,3025.44,0,hail,hatchback,clear,north,yes,moderate,1979.87
CLM00863,2026-07-05,2025-07-16,64,12,26233,30431.51,2750.66,1,glass,hatchback,clear,east,yes,minor,1501.41
CLM00864,2025-03-16,2020-11-06,72,13,15183,8106.05,1687.46,0,glass,sedan,clear,north,yes,moderate,1780.14
CLM00865,2025-01-21,2021-06-22,51,9,17759,17168.49,1479.81,0,glass,coupe,fog,west,no,minor,969.96
CLM00866,2025-05-09,2022-04-01,58,1,15496,45588.02,3987.14,4,collision,sedan,clear,south,yes,minor,4461.85
CLM00867,2025-02-09,2020-09-20,64,16,8458,32251.42,20548.83,1,vandalism,sedan,storm,west,no,severe,18907.76
CLM00868,2025-01-27,2019-08-09,61,19,25313,28213.41,2934.12,1,vandalism,suv,clear,west,no,minor,4041.82
CLM00869,2025-11-09,2023-10-24,26,18,23474,21768.76,3940.9,1,hail,sedan,clear,south,no,moderate,6372.91
CLM00870,2026-09-01,2024-02-05,79,15,21464,29690.16,1950.96,2,collision,sedan,clear,east,no,minor,1139.78
CLM00871,2025-11-01,2024-08-17,28,8,12536,37516.7,7381.85,2,glass,suv,storm,north,no,moderate,5769.05
CLM00872,2026-05-06,2022-06-02,43,18,20366,47743.74,20814.52,1,collision,suv,clear,north,yes,severe,19264.94
CLM00873,2026-07-09,2024-01-18,59,10,28738,6000.0,466.82,0,collision,sedan,clear,east,yes,minor,882.08
CLM00874,2026-07-01,2024-05-20,43,2,20545,20523.58,6296.23,0,theft,coupe,rain,south,no,moderate,8394.07
CLM00875,2025-05-09,2021-02-18,33,17,16345,35386.44,8574.43,1,collision,coupe,rain,south,yes,moderate,8260.7
CLM00876,2025-09-27,2023-03-27,76,6,10302,31517.05,19086.68,2,hail,pickup,rain,north,no,severe,18731.61
CLM00877,2025-09-01,2022-10-30,22,19,17116,39050.64,2892.56,0,collision,hatchback,clear,west,no,minor,4125.36
CLM00878,2025-04-05,2022-07-26,33,7,13036,37013.1,8252.05,0,hail,coupe,clear,south,yes,moderate,8352.49
CLM00879,2025-08-26,2024-01-13,80,18,19504,28426.98,8531.94,0,glass,suv,rain,south,no,moderate,6681.13
CLM00880,2025-06-28,2024-08-29,63,11,4232,25097.2,2195.16,0,collision,hatchback,clear,south,yes,minor,2483.05
CLM00881,2026-07-30,2021-07-31,23,9,8134,29317.48,2135.57,2,hail,sedan,clear,south,no,minor,2242.36
CLM00882,2025-01-17,2024-06-02,65,6,24248,50231.14,5017.07,0,collision,pickup,clear,east,yes,minor,3106.4
CLM00883,2025-11-07,2023-11-04,79,17,13279,22019.88,5500.05,1,glass,sedan,clear,west,no,moderate,6561.81
CLM00884,2026-06-09,2022-05-23,24,1,14691,32057.9,2084.96,1,glass,pickup,fog,east,no,minor,2676.56
CLM00885,2025-02-14,2024-04-06,44,9,17685,35750.13,2831.22,3,collision,pickup,rain,north,yes,minor,3233.45
CLM00886,2025-04-12,2021-04-21,47,7,14832,56405.26,15579.41,0,hail,suv,clear,west,yes,moderate,13871.77
CLM00887,2026-08-23,2022-03-17,26,11,23483,28495.38,6555.84,3,collision,pickup,storm,south,yes,moderate,6329.84
CLM00888,2026-05-13,2022-05-06,30,5,9624,47382.1,4572.45,1,theft,suv,clear,north,yes,minor,3934.03
CLM00889,2026-09-19,2024-10-28,28,13,23478,51479.69,4200.27,1,hail,suv,clear,north,yes,minor,4861.56
CLM00890,2026-03-17,2026-01-04,29,8,8654,32043.69,7855.98,0,collision,hatchback,clear,west,yes,moderate,6077.75
CLM00891,2026-07-20,2021-03-13,43,3,13006,29839.22,9065.36,0,hail,suv,rain,south,no,moderate,7681.28
CLM00892,2025-04-30,2023-04-23,47,4,18871,28064.19,15091.88,1,collision,pickup,clear,north,yes,severe,14652.28
CLM00893,2025-09-14,2020-11-03,32,14,26922,29162.65,6916.26,0,collision,suv,clear,west,yes,moderate,7065.17
CLM00894,2024-10-15,2023-07-14,36,5,9279,45813.6,8730.12,0,glass,hatchback,rain,south,no,moderate,8084.09
CLM00895,2025-04-01,2024-03-15,30,6,18860,36465.15,2676.53,1,collision,coupe,clear,west,yes,minor,3687.95
CLM00896,2025-07-11,2020-10-27,68,13,4733,36529.35,18850.09,1,theft,suv,fog,west,yes,severe,19001.96
CLM00897,2025-09-24,2020-01-25,31,6,5036,16121.65,1042.59,0,collision,hatchback,clear,north,no,minor,959.91
CLM00898,2026-08-22,2021-06-12,75,8,23723,18487.65,1556.95,0,glass,coupe,clear,east,no,minor,1665.25
CLM00899,2026-08-10,2022-01-23,51,5,22412,65151.7,4098.33,0,theft,suv,rain,east,yes,minor,3745.25
CLM00900,2025-07-08,2023-12-21,68,7,13165,30332.61,2024.31,2,collision,sedan,clear,north,no,minor,4379.64
CLM00901,2026-09-27,2021-03-26,58,14,19821,21378.42,5540.51,3,collision,suv,clear,south,yes,moderate,4826.6
CLM00902,2026-08-31,2022-08-13,34,11,13266,54466.49,3753.35,0,collision,coupe,rain,south,yes,minor,3355.97
CLM00903,2026-04-24,2025-03-17,55,20,10485,37227.13,3227.74,0,glass,pickup,storm,north,no,minor,1255.1
CLM00904,2024-12-24,2024-02-18,35,16,14646,41672.32,3714.86,0,collision,coupe,rain,east,yes,minor,2944.53
CLM00905,2025-10-30,2020-07-28,25,0,11420,30929.29,14982.95,0,collision,suv,rain,south,yes,severe,14201.15
CLM00906,2025-05-01,2023-08-13,34,7,25007,28219.9,5308.39,2,vandalism,coupe,clear,west,no,moderate,4853.28
CLM00907,2025-12-04,2021-04-18,35,6,14115,30456.2,16644.9,0,collision,suv,clear,west,yes,severe,16528.57
CLM00908,2026-05-27,2025-07-01,26,12,11662,12258.93,5095.5,0,collision,pickup,clear,east,yes,severe,7295.66
CLM00909,2026-01-03,2024-04-05,19,5,17476,31681.09,17583.88,0,collision,coupe,clear,north,yes,severe,15597.48
CLM00910,2026-07-26,2024-10-19,77,20,23467,37440.5,10630.58,0,collision,suv,rain,north,no,moderate,9220.44
CLM00911,2025-03-17,2023-06-17,50,6,10389,60756.95,5211.48,2,hail,coupe,clear,north,no,minor,5981.97
CLM00912,2026-05-20,2022-04-17,43,10,28368,34289.99,2658.05,1,glass,pickup,clear,south,no,minor,3252.67
CLM00913,2025-12-30,2020-06-25,76,2,15515,6000.0,608.41,1,glass,pickup,clear,west,yes,minor,250.0
CLM00914,2024-10-15,2019-04-20,32,19,20844,31590.22,6010.42,0,glass,pickup,clear,north,no,moderate,4596.85
CLM00915,2025-07-25,2021-01-28,43,19,28846,74092.56,7278.86,3,collision,sedan,clear,east,yes,minor,7255.57
CLM00916,2025-10-31,2024-07-19,71,16,14655,45995.49,4342.26,0,collision,pickup,clear,north,yes,minor,4479.79
CLM00917,2025-08-30,2019-11-16,57,7,8395,20836.67,4958.31,2,hail,suv,clear,south,yes,moderate,4229.6
CLM00918,2025-03-07,2021-11-17,43,1,23191,41866.6,2651.73,2,glass,suv,clear,east,no,minor,3268.37
CLM00919,2026-03-29,2022-12-01,34,14,3178,21869.8,1388.33,0,hail,sedan,clear,west,yes,minor,758.72
CLM00920,2025-06-23,2021-03-24,20,9,15363,12692.89,1272.42,2,collision,sedan,rain,west,no,minor,3579.97
CLM00921,2025-01-01,2020-05-09,23,20,29460,27774.46,5834.18,0,hail,coupe,clear,east,yes,moderate,6080.06
CLM00922,2025-08-09,2019-11-12,28,14,14189,34372.9,3367.09,1,vandalism,suv,clear,north,yes,minor,1972.38
CLM00923,2025-11-09,2022-04-26,67,11,21471,6000.0,480.95,0,glass,suv,clear,south,no,minor,250.0
CLM00924,2026-06-17,2022-10-03,58,20,17183,15762.61,1232.06,0,vandalism,hatchback,clear,west,no,minor,840.62
CLM00925,2026-04-02,2021-09-28,45,16,8796,33155.03,8883.12,0,collision,pickup,storm,north,yes,moderate,8255.72
CLM00926,2024-11-09,2023-04-06,67,9,11578,26877.4,1782.56,0,collision,hatchback,rain,east,no,minor,2079.47
CLM00927,2025-08-31,2023-10-04,28,0,17135,38922.17,2979.95,0,collision,hatchback,fog,east,yes,minor,2000.08
CLM00928,2026-02-23,2022-05-08,31,1,5814,14779.98,10267.65,0,collision,coupe,storm,west,no,severe,9398.45
CLM00929,2025-11-29,2025-06-13,42,9,14202,43711.71,20265.83,1,glass,hatchback,clear,north,yes,severe,17970.42
CLM00930,2025-08-05,2023-08-11,75,11,14201,15243.61,1527.96,0,collision,pickup,clear,north,yes,minor,2386.37
CLM00931,2025-09-03,2021-04-29,56,0,25543,57641.01,5978.64,0,collision,coupe,clear,north,yes,minor,5410.16
CLM00932,2025-05-08,2019-06-21,71,2,6344,7263.63,424.86,4,collision,pickup,clear,south,yes,minor,2296.63
CLM00933,2026-03-27,2023-01-25,33,14,25753,16611.69,4231.11,3,hail,sedan,clear,east,yes,moderate,4317.48
CLM00934,2025-06-14,2022-12-30,71,15,14082,39260.56,2522.39,0,theft,suv,clear,north,yes,minor,4300.11
CLM00935,2025-11-11,2023-03-02,22,0,20587,57963.5,34208.07,0,collision,pickup,clear,east,no,severe,30568.32
CLM00936,2024-11-13,2020-09-18,32,10,18037,37725.65,26843.65,1,glass,hatchback,clear,north,yes,severe,23332.0
CLM00937,2026-06-07,2023-02-12,50,1,11094,41442.87,12827.9,1,collision,suv,rain,east,yes,moderate,10827.68
CLM00938,2026-06-14,2026-03-26,21,15,28130,33263.05,3339.37,0,collision,suv,rain,south,yes,minor,2880.97
CLM00939,2025-10-28,2022-07-16,72,17,9060,17604.02,8016.97,1,collision,sedan,fog,west,no,severe,6491.78
CLM00940,2025-09-24,2023-04-10,72,18,3978,25647.92,6574.79,0,theft,suv,clear,south,yes,moderate,8802.54
CLM00941,2025-05-14,2021-02-14,52,12,23254,14821.35,3115.81,0,hail,pickup,clear,west,yes,moderate,4379.99
CLM00942,2025-12-10,2020-08-30,37,13,19779,13819.35,1370.5,1,glass,sedan,fog,north,no,minor,872.93
CLM00943,2024-12-02,2019-02-14,24,19,27045,39026.23,7948.59,1,collision,coupe,rain,north,yes,moderate,6171.28
CLM00944,2025-10-19,2022-02-03,56,12,15359,16152.33,3199.68,2,glass,suv,clear,north,no,moderate,2458.5
CLM00945,2026-06-28,2024-04-03,51,9,3454,37793.31,14702.11,0,hail,coupe,clear,south,yes,severe,14079.92
CLM00946,2026-07-05,2023-10-16,65,15,3547,13472.66,2725.41,0,collision,suv,clear,west,no,moderate,3572.95
CLM00947,2024-10-20,2023-09-04,55,12,14698,37445.75,7618.88,0,collision,coupe,storm,north,yes,moderate,7877.19
CLM00948,2026-06-25,2020-11-03,26,17,9738,25669.76,1532.99,0,collision,hatchback,rain,west,no,minor,2190.2
CLM00949,2024-11-08,2019-09-28,25,11,27899,54099.23,16508.98,0,glass,coupe,clear,east,no,moderate,13803.22
CLM00950,2026-03-12,2021-01-14,67,18,6199,37855.78,24318.53,0,collision,sedan,clear,south,yes,severe,21278.92
CLM00951,2026-07-24,2024-07-12,28,0,26782,51536.74,10986.2,0,collision,pickup,clear,south,yes,moderate,10438.86
CLM00952,2026-02-20,2024-02-22,77,0,8853,21665.3,2027.79,1,hail,suv,clear,west,yes,minor,250.0
CLM00953,2025-07-09,2020-05-08,24,2,6223,33842.15,2580.93,0,glass,suv,rain,east,yes,minor,873.92
CLM00954,2025-11-22,2022-07-30,63,11,10413,18283.69,5326.55,0,hail,sedan,clear,north,no,moderate,4820.76
CLM00955,2025-03-06,2020-11-28,79,14,6891,26795.92,13172.67,1,vandalism,coupe,clear,west,no,severe,13643.89
CLM00956,2025-07-11,2022-07-15,45,4,13835,29068.44,2415.69,0,collision,pickup,clear,south,no,minor,4619.83
CLM00957,2025-12-12,2023-03-28,21,3,11922,22112.13,1643.31,2,glass,coupe,storm,north,no,minor,1628.95
CLM00958,2025-06-24,2021-08-23,73,18,17284,14767.46,6600.07,0,collision,hatchback,clear,west,no,severe,7540.47
CLM00959,2024-10-21,2019-11-23,29,15,17501,11797.24,3100.84,0,collision,sedan,clear,west,no,moderate,1977.64
CLM00960,2025-12-04,2023-11-10,51,13,3026,6000.0,552.24,2,glass,suv,rain,south,yes,minor,1871.18
CLM00961,2026-06-10,2021-07-21,80,10,6371,17154.8,1580.8,1,collision,hatchback,rain,east,yes,minor,1767.99
CLM00962,2025-12-06,2024-05-26,64,8,7370,42412.41,3100.43,1,collision,sedan,rain,north,yes,minor,6370.64
CLM00963,2025-01-25,2022-08-05,20,0,8257,9022.52,729.91,1,hail,coupe,storm,west,yes,minor,616.13
CLM00964,2026-04-25,2020-10-23,69,3,5526,12478.16,3613.26,0,collision,coupe,clear,south,yes,moderate,6406.82
CLM00965,2024-11-07,2019-02-06,28,18,11495,59863.48,10965.47,1,collision,hatchback,storm,south,yes,moderate,10523.51
CLM00966,2025-07-28,2020-01-02,65,7,17841,23452.56,4357.09,2,hail,hatchback,storm,east,yes,moderate,3818.84
CLM00967,2025-07-18,2023-08-03,57,14,11340,37815.69,8751.81,3,vandalism,pickup,clear,south,yes,moderate,8273.45
CLM00968,2026-02-11,2021-01-08,36,14,11885,42634.76,2844.87,0,vandalism,pickup,rain,east,yes,minor,3319.69
CLM00969,2024-11-28,2019-04-08,44,6,15678,42937.89,3176.67,0,collision,sedan,clear,east,yes,minor,3061.95
CLM00970,2026-09-04,2020-10-13,25,4,17807,10165.29,615.0,1,theft,hatchback,clear,south,yes,minor,3760.78
CLM00971,2026-02-24,2025-12-11,80,14,11936,29534.1,2493.16,0,vandalism,pickup,clear,west,yes,minor,3111.03
CLM00972,2025-11-29,2021-05-28,33,1,8989,8726.59,2406.45,0,collision,coupe,clear,south,no,moderate,4028.98
CLM00973,2025-10-17,2019-10-17,37,10,14053,69694.77,6551.89,0,collision,hatchback,fog,west,no,minor,5700.89
CLM00974,2025-10-19,2021-03-05,49,18,3654,9076.87,2474.16,0,collision,coupe,clear,south,yes,moderate,2306.46
CLM00975,2026-06-15,2024-12-27,60,14,16299,17282.4,1296.63,0,theft,hatchback,clear,east,yes,minor,3156.79
CLM00976,2026-04-19,2021-09-08,49,16,28417,17390.99,1754.34,0,collision,suv,clear,east,yes,minor,2439.19
CLM00977,2026-07-23,2025-11-07,49,1,13744,10550.09,958.62,0,hail,hatchback,clear,west,yes,minor,250.0
CLM00978,2025-08-09,2022-09-02,54,4,5924,53288.91,13543.49,0,glass,pickup,clear,north,yes,moderate,10870.55
CLM00979,2026-01-17,2022-03-31,72,5,22091,69336.72,14285.28,3,collision,coupe,clear,north,no,moderate,12428.6
CLM00980,2025-08-13,2022-10-28,42,6,6425,25863.76,15496.58,0,hail,suv,rain,west,yes,severe,12910.91
CLM00981,2025-07-27,2021-05-01,70,4,8228,13193.65,1113.58,0,collision,suv,fog,west,yes,minor,1468.77
CLM00982,2025-05-06,2023-11-02,67,20,6956,6000.0,1665.0,0,collision,pickup,clear,east,no,moderate,2586.95
CLM00983,2025-08-27,2021-12-21,78,3,26859,29338.37,8571.75,0,vandalism,pickup,fog,south,yes,moderate,9301.75
CLM00984,2025-06-14,2021-07-16,75,14,29495,28254.52,2823.26,3,collision,suv,rain,south,yes,minor,3792.87
CLM00985,2025-07-29,2021-09-23,68,12,18380,23230.56,2359.17,2,glass,pickup,clear,east,yes,minor,3344.65
CLM00986,2025-06-11,2023-08-24,33,12,19677,36320.63,3132.61,0,theft,sedan,clear,east,no,minor,4437.66
CLM00987,2025-07-07,2023-08-15,66,4,20428,38927.6,3984.86,0,collision,suv,clear,south,yes,minor,1995.18
CLM00988,2026-02-12,2024-07-03,64,6,19478,37846.25,25953.8,0,collision,coupe,storm,north,no,severe,22759.08
CLM00989,2026-04-04,2023-06-07,36,12,17691,28258.13,1586.0,0,collision,hatchback,clear,north,no,minor,1483.73
CLM00990,2025-03-05,2021-08-12,60,6,29641,16475.67,4459.02,0,glass,coupe,clear,south,yes,moderate,3824.89
CLM00991,2026-01-23,2023-10-30,33,14,22795,42987.5,8673.61,0,hail,suv,rain,east,no,moderate,6542.03
CLM00992,2025-08-26,2023-02-19,50,0,5387,33187.71,2328.76,0,collision,suv,clear,south,yes,minor,2749.48
CLM00993,2026-05-10,2024-07-28,68,1,13582,46325.36,10174.21,1,theft,coupe,rain,east,yes,moderate,11570.61
CLM00994,2025-11-20,2024-07-04,29,15,29312,44851.13,3551.77,0,hail,coupe,clear,south,yes,minor,4140.01
CLM00995,2025-09-09,2021-09-14,39,12,13899,11673.57,2061.9,0,vandalism,coupe,storm,south,no,moderate,4270.76
CLM00996,2025-07-01,2020-07-27,68,0,8508,11486.67,773.26,0,collision,suv,clear,east,yes,minor,3284.71
CLM00997,2025-09-11,2023-11-21,46,18,26450,21666.89,1243.63,0,collision,coupe,clear,east,yes,minor,250.0
CLM00998,2026-01-10,2020-10-31,78,0,19823,17156.02,1496.46,0,collision,hatchback,rain,west,no,minor,883.83
CLM00999,2024-10-28,2021-05-08,18,20,18189,44328.78,13670.69,0,collision,coupe,clear,west,yes,moderate,9734.71
CLM01000,2025-09-21,2024-08-24,63,15,14342,38269.65,12424.94,0,collision,coupe,fog,south,no,moderate,11277.89
CLM01001,2025-02-17,2022-11-16,69,20,6358,49487.76,11990.07,0,collision,hatchback,rain,east,no,moderate,9639.77
CLM01002,2025-04-11,2025-02-24,75,19,13367,38947.3,2667.37,2,collision,suv,clear,south,yes,minor,2791.33
CLM01003,2025-08-19,2025-04-27,27,6,14812,36129.74,24081.35,2,collision,coupe,clear,west,no,severe,20881.97
CLM01004,2024-12-22,2022-11-24,80,15,28144,50995.95,3132.76,0,collision,hatchback,storm,east,no,minor,3638.16
CLM01005,2026-06-29,2023-09-17,42,4,11296,40045.91,28292.39,0,glass,hatchback,clear,west,yes,severe,21535.2
CLM01006,2024-11-27,2020-02-02,40,9,7029,34021.51,9601.74,1,theft,pickup,storm,south,no,moderate,8834.39
CLM01007,2025-01-18,2024-03-03,40,5,14543,55206.8,13834.28,1,collision,coupe,clear,north,no,moderate,11841.98
CLM01008,2025-09-28,2020-09-03,58,10,29921,34727.71,6580.82,0,collision,sedan,storm,north,no,moderate,7636.94
CLM01009,2025-04-13,2023-10-23,59,18,16019,28434.89,5053.72,0,collision,coupe,clear,east,no,moderate,5313.28
CLM01010,2025-09-16,2024-10-21,47,9,13236,20432.65,5244.65,0,glass,hatchback,rain,west,yes,moderate,3934.49
CLM01011,2026-03-18,2021-12-21,22,1,21006,43545.38,3303.56,1,theft,sedan,clear,east,yes,minor,2710.35
CLM01012,2025-02-24,2020-06-20,80,6,20517,51555.76,15538.89,0,collision,suv,clear,west,yes,moderate,13840.68
CLM01013,2026-04-04,2022-08-01,31,16,11081,32241.19,2799.52,0,glass,hatchback,fog,south,yes,minor,1529.72
CLM01014,2026-02-13,2025-05-08,23,10,29134,52618.73,12617.15,0,glass,pickup,fog,west,no,moderate,8886.91
CLM01015,2025-09-16,2024-12-10,55,11,19010,6000.0,1253.41,0,vandalism,hatchback,clear,west,no,moderate,387.13
CLM01016,2025-01-27,2022-09-04,43,9,4555,32168.2,17484.68,0,collision,sedan,fog,north,yes,severe,14549.87
CLM01017,2025-12-24,2023-03-23,56,6,14004,32398.58,6461.87,1,collision,hatchback,clear,west,yes,moderate,5571.33
CLM01018,2025-10-05,2019-10-01,73,12,27918,22095.08,1944.73,0,hail,suv,clear,north,no,minor,1811.36
CLM01019,2026-08-31,2024-11-18,24,13,13621,68757.92,18279.94,0,collision,suv,clear,east,yes,moderate,13652.82
CLM01020,2026-07-08,2025-04-17,35,18,18331,32007.11,3036.94,0,hail,pickup,clear,south,no,minor,3022.3
CLM01021,2026-08-21,2020-12-08,50,12,19541,26884.04,6517.48,2,vandalism,coupe,clear,south,no,moderate,6006.14
CLM01022,2026-08-09,2025-08-10,67,20,22019,33389.43,7238.74,0,collision,sedan,clear,west,yes,moderate,9133.89
CLM01023,2025-01-04,2024-10-09,55,17,26553,6000.0,1802.76,0,collision,pickup,clear,east,yes,moderate,1293.54
CLM01024,2025-01-24,2022-06-22,42,1,7028,21601.98,1926.2,0,collision,hatchback,rain,north,no,minor,2548.34
CLM01025,2025-02-08,2022-08-23,56,8,16952,47748.6,4293.65,2,collision,suv,rain,north,yes,minor,4625.43
CLM01026,2026-08-21,2022-11-16,79,8,17401,23565.82,5990.73,1,hail,pickup,rain,north,no,moderate,4812.77
CLM01027,2026-08-05,2021-04-19,48,0,7114,20566.87,2016.52,2,vandalism,suv,clear,south,yes,minor,2407.15
CLM01028,2026-03-10,2020-07-25,73,3,21185,52642.88,3523.58,1,collision,pickup,rain,north,yes,minor,4486.57
CLM01029,2025-08-14,2023-10-26,67,16,6190,53103.82,3997.72,0,hail,hatchback,clear,south,yes,minor,3624.85
CLM01030,2026-01-30,2020-03-04,36,7,15319,40754.86,11999.65,0,collision,sedan,rain,west,no,moderate,11724.21
CLM01031,2025-10-10,2021-12-08,33,3,11917,26173.24,1632.74,0,hail,pickup,clear,west,no,minor,250.0
CLM01032,2026-05-27,2025-11-27,66,6,7184,29407.93,8711.11,1,collision,coupe,clear,west,no,moderate,7309.77
CLM01033,2025-04-15,2019-08-19,31,5,25203,20937.75,10497.28,1,vandalism,hatchback,clear,south,yes,severe,12113.1
CLM01034,2026-02-13,2025-03-21,39,3,9591,18078.4,3504.06,0,hail,pickup,rain,east,no,moderate,4784.95
CLM01035,2026-08-13,2023-01-14,32,2,9891,17333.75,1036.54,2,collision,sedan,storm,west,yes,minor,2646.82
CLM01036,2025-04-06,2020-06-26,56,16,26069,23729.18,2289.04,0,theft,suv,rain,north,yes,minor,5181.32
CLM01037,2024-12-10,2023-05-19,36,17,26689,17479.19,1632.09,0,glass,suv,fog,west,no,minor,250.0
CLM01038,2026-09-20,2025-01-11,59,10,3930,9544.42,2082.65,0,collision,pickup,storm,east,yes,moderate,3995.12
CLM01039,2025-11-16,2022-12-19,76,12,10502,36291.04,6984.37,2,vandalism,suv,clear,south,no,moderate,7653.12
CLM01040,2025-02-04,2019-10-04,70,19,22139,36518.93,2478.44,2,glass,pickup,rain,south,yes,minor,1735.78
CLM01041,2025-05-03,2023-12-05,77,17,24010,58511.89,3874.86,0,glass,suv,clear,south,yes,minor,5669.14
CLM01042,2025-01-13,2021-01-05,19,0,29984,22974.92,2095.01,3,collision,pickup,clear,north,yes,minor,3244.76
CLM01043,2025-12-01,2023-02-23,46,20,17976,37441.51,2484.13,2,hail,suv,clear,north,no,minor,605.8
CLM01044,2026-01-02,2025-04-05,31,1,3202,37690.69,17198.73,2,glass,hatchback,fog,south,yes,severe,15774.36
CLM01045,2025-05-01,2021-01-10,75,0,26588,29192.44,1679.99,2,theft,sedan,rain,north,no,minor,3149.73
CLM01046,2026-06-10,2021-05-31,62,8,7348,44165.0,3738.53,0,collision,pickup,clear,east,yes,minor,4856.74
CLM01047,2026-04-09,2022-10-08,38,15,6261,44628.44,3975.1,1,collision,sedan,clear,south,no,minor,4590.02
CLM01048,2025-07-19,2024-06-02,53,1,21202,37911.17,3312.21,1,vandalism,coupe,clear,south,yes,minor,2466.87
CLM01049,2025-05-31,2024-05-29,56,6,19303,29165.4,2429.27,1,collision,coupe,rain,north,yes,minor,4431.53
CLM01050,2026-07-05,2023-11-30,49,5,4619,27637.05,2829.25,0,collision,hatchback,storm,west,no,minor,3976.51
CLM01051,2025-09-24,2022-08-23,47,8,7570,12483.69,982.36,1,collision,coupe,clear,east,no,minor,1059.38
CLM01052,2026-01-07,2022-08-28,21,20,18924,20911.23,2034.38,3,vandalism,coupe,clear,south,yes,minor,2352.71
CLM01053,2025-09-29,2024-03-20,46,6,9894,23669.89,6435.88,0,collision,sedan,clear,east,yes,moderate,6850.75
CLM01054,2024-10-31,2021-10-11,39,4,21468,16140.42,3028.33,4,glass,pickup,clear,south,yes,moderate,3486.13
CLM01055,2026-08-06,2024-10-05,69,2,14118,39598.86,3757.31,0,vandalism,suv,clear,north,no,minor,2870.86
CLM01056,2024-10-04,2020-08-08,72,4,18880,50949.42,29441.03,0,glass,coupe,clear,east,no,severe,23884.27
CLM01057,2025-11-06,2021-01-13,65,2,15824,19379.06,1693.13,0,glass,coupe,clear,west,no,minor,403.26
CLM01058,2025-03-16,2021-03-31,19,12,12860,37251.62,16557.42,1,collision,coupe,clear,east,no,severe,13268.58
CLM01059,2025-11-25,2025-10-24,70,8,12245,17488.33,9257.83,1,hail,hatchback,storm,east,no,severe,10134.77
CLM01060,2026-02-15,2020-02-25,42,10,21827,28426.17,8729.32,0,collision,sedan,clear,north,yes,moderate,5996.21
CLM01061,2025-03-17,2024-12-26,44,17,16888,22645.06,1502.29,1,glass,sedan,clear,east,yes,minor,518.61
CLM01062,2025-05-17,2019-05-11,77,12,19046,42028.43,16182.68,0,collision,sedan,rain,east,no,severe,13279.95
CLM01063,2026-06-17,2026-03-11,72,3,18587,22818.18,1559.86,0,hail,coupe,fog,south,yes,minor,250.0
CLM01064,2025-05-04,2022-03-11,21,7,8606,48174.91,3825.19,2,glass,hatchback,clear,north,yes,minor,3790.49
CLM01065,2025-03-30,2024-07-14,40,6,27658,29314.19,8741.25,1,collision,suv,clear,west,no,moderate,7951.39
CLM01066,2025-12-21,2025-04-29,65,17,18205,23255.94,6313.84,1,glass,hatchback,rain,south,no,moderate,5417.56
CLM01067,2024-11-24,2020-10-04,51,6,22388,14200.42,9774.02,1,collision,sedan,clear,south,no,severe,9301.39
CLM01068,2025-06-20,2021-01-23,34,2,26812,36798.07,8954.25,4,collision,hatchback,rain,east,yes,moderate,8211.21
CLM01069,2026-01-30,2025-04-19,51,15,27968,46428.28,23862.7,0,collision,hatchback,clear,south,no,severe,20957.6
CLM01070,2026-09-23,2020-11-04,72,8,21005,37099.82,7780.3,0,collision,pickup,clear,east,yes,moderate,7249.73
CLM01071,2025-05-26,2023-06-01,32,2,24252,66582.47,13829.8,0,theft,sedan,clear,east,yes,moderate,13780.13
CLM01072,2026-05-01,2024-05-11,65,14,15738,54446.81,15540.02,1,glass,coupe,rain,south,no,moderate,13283.91
CLM01073,2025-03-27,2023-05-23,64,4,22921,28387.08,11681.81,1,collision,sedan,clear,north,no,severe,11738.68
CLM01074,2025-09-12,2022-11-17,73,18,11683,28229.59,13129.45,1,theft,hatchback,clear,north,no,severe,12480.95
CLM01075,2025-10-25,2024-09-05,36,17,22218,40045.45,27124.6,0,glass,suv,clear,west,no,severe,21423.07
CLM01076,2026-06-03,2023-10-26,31,7,5319,20429.71,5343.15,0,vandalism,pickup,rain,east,no,moderate,4949.38
CLM01077,2025-04-29,2023-12-31,52,11,27686,50494.32,9189.37,1,collision,pickup,clear,south,yes,moderate,7719.86
CLM01078,2026-06-01,2026-01-11,51,11,9605,38424.01,3450.64,4,glass,sedan,rain,south,yes,minor,2399.84
CLM01079,2025-11-30,2023-08-23,43,13,20727,36846.88,20347.04,0,collision,hatchback,rain,east,no,severe,18119.62
CLM01080,2025-01-28,2021-01-01,67,1,3302,43304.31,4201.26,0,theft,hatchback,clear,west,no,minor,7755.21
CLM01081,2024-11-28,2020-04-18,68,6,7204,58842.45,5222.67,0,theft,hatchback,fog,west,yes,minor,5572.13
CLM01082,2024-10-08,2022-08-04,33,3,29639,35564.33,1999.19,0,vandalism,sedan,storm,east,yes,minor,1936.61
CLM01083,2024-10-31,2022-10-30,68,14,25501,31304.39,6444.35,0,collision,sedan,clear,south,yes,moderate,5027.9
CLM01084,2025-08-21,2020-11-17,32,1,9007,55630.79,11888.0,0,collision,hatchback,clear,west,yes,moderate,11502.76
CLM01085,2026-05-07,2022-03-21,43,10,6532,47513.26,4262.28,1,vandalism,suv,clear,west,no,minor,4623.58
CLM01086,2025-01-26,2020-01-18,19,15,25002,28185.3,2267.43,0,collision,hatchback,clear,south,yes,minor,3438.28
CLM01087,2025-02-22,2019-09-06,39,19,29735,33077.8,3039.1,0,collision,sedan,clear,west,yes,minor,4547.95
CLM01088,2024-10-08,2019-10-23,78,6,7553,35930.71,2896.65,0,vandalism,pickup,storm,west,no,minor,2158.25
CLM01089,2025-06-12,2019-10-20,45,0,20927,38427.19,2755.79,2,hail,sedan,storm,west,yes,minor,2691.75
CLM01090,2026-06-19,2023-11-28,62,15,10657,12651.0,2410.64,0,collision,pickup,clear,north,yes,moderate,5145.54
CLM01091,2025-09-28,2023-04-26,24,0,23099,9862.73,648.24,0,collision,coupe,clear,north,yes,minor,2099.46
CLM01092,2025-11-07,2023-11-11,58,1,14293,19689.15,1481.36,0,glass,suv,clear,south,yes,minor,250.0
CLM01093,2025-01-23,2023-08-02,41,20,6384,18528.92,1528.08,1,collision,sedan,clear,west,yes,minor,2735.04
CLM01094,2025-12-18,2021-06-08,64,18,11759,23342.64,7371.5,2,collision,sedan,clear,north,yes,moderate,6785.78
CLM01095,2026-02-03,2021-10-07,76,14,17543,42520.66,19734.16,0,collision,suv,storm,north,yes,severe,18506.77
CLM01096,2026-08-03,2021-09-29,51,17,24556,30466.06,2680.16,0,collision,sedan,storm,north,yes,minor,3337.91
CLM01097,2025-01-29,2024-01-02,24,1,3567,35945.92,2276.17,0,glass,coupe,clear,north,yes,minor,250.0
CLM01098,2025-03-28,2022-03-28,47,1,28858,14635.45,4128.12,1,collision,coupe,rain,west,yes,moderate,5121.08
CLM01099,2026-08-31,2025-04-07,25,6,20539,26075.37,1474.42,3,collision,coupe,clear,east,no,minor,2812.21
CLM01100,2025-11-18,2020-06-30,46,0,26633,41808.86,25146.09,0,collision,coupe,rain,east,yes,severe,21868.65
CLM01101,2025-10-15,2024-02-13,21,18,28112,41924.29,18398.97,0,collision,hatchback,clear,south,yes,severe,17222.79
CLM01102,2025-10-23,2024-11-15,58,1,7146,22131.39,4471.62,1,collision,suv,clear,east,no,moderate,6595.53
CLM01103,2024-11-29,2021-06-12,37,11,5530,35424.94,20172.36,1,glass,hatchback,rain,west,yes,severe,17767.99
CLM01104,2026-06-13,2021-02-22,30,17,23971,65982.72,4884.02,0,hail,suv,clear,east,yes,minor,4189.39
CLM01105,2026-02-19,2020-08-12,19,15,8073,32736.03,2573.79,0,collision,coupe,clear,west,no,minor,4001.1
CLM01106,2026-05-21,2025-09-25,73,4,6994,22602.2,1600.84,0,collision,hatchback,clear,east,yes,minor,4395.35
CLM01107,2026-04-05,2024-03-29,70,9,15650,30393.56,3093.04,1,collision,suv,rain,south,yes,minor,4322.06
CLM01108,2024-12-07,2023-12-10,69,11,27662,34382.66,2405.12,1,collision,pickup,rain,east,no,minor,3117.89
CLM01109,2024-11-13,2022-12-16,21,16,24482,30732.47,7876.95,1,theft,suv,clear,west,no,moderate,9283.93
CLM01110,2026-08-29,2023-05-29,40,8,16983,32529.68,9861.48,2,collision,suv,clear,west,yes,moderate,9416.31
CLM01111,2025-06-26,2023-09-27,79,5,8304,11348.3,997.3,0,vandalism,suv,rain,south,yes,minor,1236.57
CLM01112,2026-04-14,2025-10-20,54,16,12082,18560.54,4146.73,0,glass,sedan,clear,east,yes,moderate,6100.82
CLM01113,2026-05-13,2023-04-03,26,18,21590,30759.97,2538.22,0,collision,sedan,clear,west,no,minor,2078.47
CLM01114,2026-03-01,2025-10-08,26,10,7239,30520.98,1830.76,2,glass,hatchback,rain,east,yes,minor,3083.05
CLM01115,2026-05-12,2024-12-07,34,0,17159,24507.16,2014.32,1,collision,coupe,clear,east,yes,minor,2504.45
CLM01116,2025-10-08,2025-09-07,79,10,3318,30344.8,7273.9,0,collision,suv,rain,south,yes,moderate,5456.79
CLM01117,2024-10-04,2024-02-29,28,18,11777,33915.22,9790.99,0,glass,pickup,clear,west,no,moderate,7811.2
CLM01118,2025-07-29,2022-11-26,74,20,9694,46341.2,14003.64,1,collision,suv,rain,west,yes,moderate,11415.84
CLM01119,2025-04-21,2020-03-02,60,8,21389,31511.82,2066.6,1,theft,suv,clear,north,yes,minor,4545.53
CLM01120,2025-10-05,2021-01-29,76,3,27679,38986.55,2335.83,1,hail,sedan,clear,north,yes,minor,2603.1
CLM01121,2026-09-20,2026-01-19,70,12,6955,24876.0,12783.37,0,collision,hatchback,clear,north,no,severe,11582.0
CLM01122,2026-07-31,2026-04-17,38,17,24526,41581.44,3394.68,2,glass,pickup,storm,south,yes,minor,4525.18
CLM01123,2026-03-18,2024-02-14,70,19,20710,38635.95,2862.4,1,collision,suv,storm,north,no,minor,4331.06
CLM01124,2026-04-06,2022-04-22,28,1,29185,45987.26,3962.77,1,glass,hatchback,rain,west,yes,minor,4869.25
CLM01125,2025-01-25,2020-07-20,36,6,27611,43701.91,3508.01,1,collision,hatchback,clear,west,yes,minor,3942.73
CLM01126,2025-01-23,2020-02-03,31,10,5720,41831.03,13197.44,2,collision,suv,clear,north,yes,moderate,11526.42
CLM01127,2025-01-15,2022-12-05,26,2,23067,31523.74,2384.8,3,collision,pickup,rain,west,yes,minor,3960.62
CLM01128,2025-06-22,2024-05-24,23,18,18989,36674.09,6871.78,1,glass,hatchback,rain,north,yes,moderate,5500.21
CLM01129,2025-08-20,2025-05-25,29,2,6053,48952.63,23724.33,0,collision,sedan,clear,west,no,severe,20611.58
CLM01130,2025-06-14,2024-07-01,25,13,9943,23218.88,1975.53,0,glass,hatchback,storm,south,yes,minor,1496.7
CLM01131,2025-12-08,2025-06-20,41,19,28028,23573.88,1609.84,2,collision,suv,clear,north,no,minor,1058.05
CLM01132,2025-05-29,2020-03-19,22,14,17659,35721.47,16923.62,1,collision,pickup,clear,south,yes,severe,15892.46
CLM01133,2025-02-28,2023-06-27,21,16,12138,39229.2,8863.28,0,collision,suv,storm,west,yes,moderate,7640.59
CLM01134,2025-03-23,2020-04-02,80,5,11652,20638.4,13027.51,0,collision,coupe,clear,west,yes,severe,12537.26
CLM01135,2025-07-09,2022-02-25,23,17,25623,31878.56,3223.76,2,glass,pickup,clear,north,yes,minor,3294.89
CLM01136,2026-08-19,2023-05-08,22,8,10653,31590.02,7188.51,2,collision,sedan,clear,west,yes,moderate,8508.26
CLM01137,2025-04-19,2022-07-08,19,1,7290,6000.0,2697.07,3,hail,hatchback,fog,south,no,severe,4683.12
CLM01138,2026-01-06,2021-01-25,26,7,18494,29706.09,2263.32,0,theft,coupe,clear,south,no,minor,3593.03
CLM01139,2025-04-06,2024-12-03,51,7,29798,30640.23,6979.11,1,collision,suv,rain,north,no,moderate,6139.88
CLM01140,2025-09-02,2025-01-14,70,10,7949,30595.61,9897.79,2,hail,pickup,clear,west,no,moderate,8006.23
CLM01141,2024-12-26,2022-05-23,64,5,9893,54238.71,29184.58,0,glass,pickup,clear,west,yes,severe,23068.33
CLM01142,2026-01-26,2023-08-24,54,9,15667,14763.03,1308.09,0,hail,pickup,clear,east,yes,minor,1395.37
CLM01143,2024-11-20,2021-07-26,23,8,8395,20630.66,6438.17,4,theft,sedan,clear,east,yes,moderate,8941.35
CLM01144,2025-01-22,2020-08-05,66,6,20572,6000.0,517.17,0,hail,suv,clear,west,no,minor,1342.81
CLM01145,2026-02-01,2022-07-08,20,14,9848,25786.25,12049.78,1,hail,suv,clear,north,yes,severe,10848.98
CLM01146,2025-10-13,2024-03-04,57,6,6461,27065.35,2304.77,1,collision,suv,rain,north,yes,minor,4133.59
CLM01147,2025-09-08,2023-08-30,43,16,10054,25350.34,1908.63,1,hail,coupe,clear,north,no,minor,3148.63
CLM01148,2025-03-18,2020-08-29,73,5,28126,49615.16,26016.97,0,collision,sedan,rain,south,yes,severe,21231.03
CLM01149,2025-05-15,2024-02-03,37,18,28243,45909.26,4729.0,1,vandalism,hatchback,rain,south,no,minor,5308.99
CLM01150,2025-01-17,2021-12-20,58,7,16655,34167.85,7407.2,0,glass,coupe,clear,north,yes,moderate,6610.12
CLM01151,2026-01-03,2022-09-22,45,0,13812,27440.8,2154.35,2,glass,coupe,clear,east,no,minor,2004.68
CLM01152,2025-09-27,2021-03-14,50,3,25128,48392.85,9629.21,0,vandalism,pickup,clear,north,no,moderate,8491.11
CLM01153,2025-11-20,2021-07-24,77,16,8245,32703.63,2111.68,1,hail,coupe,clear,west,no,minor,2324.64
CLM01154,2024-12-06,2022-02-02,62,18,20656,20725.95,5503.21,1,vandalism,hatchback,clear,east,yes,moderate,5887.39
CLM01155,2026-02-20,2024-03-22,44,4,21362,7256.27,2087.28,0,collision,pickup,clear,west,yes,moderate,3390.16
CLM01156,2025-07-29,2023-04-23,46,12,22170,26380.28,2283.22,0,collision,hatchback,clear,north,yes,minor,2306.49
CLM01157,2026-07-05,2023-12-25,62,12,8884,44319.65,3182.4,1,collision,sedan,clear,west,yes,minor,1445.5
CLM01158,2025-01-18,2023-09-01,39,2,22336,67148.08,3952.45,0,collision,sedan,fog,east,yes,minor,4372.95
CLM01159,2025-12-24,2022-03-08,28,9,19524,33924.16,8329.72,0,glass,coupe,clear,west,yes,moderate,6573.74
CLM01160,2026-01-25,2024-09-30,47,14,26628,21519.67,1725.98,0,glass,sedan,clear,east,yes,minor,2270.65
CLM01161,2025-08-01,2021-08-25,22,20,7708,15225.52,1415.84,3,collision,suv,clear,east,yes,minor,3041.08
CLM01162,2025-10-01,2021-03-16,28,17,19567,41279.32,3580.32,1,collision,pickup,rain,north,no,minor,3410.17
CLM01163,2025-01-19,2019-04-04,44,2,25401,6530.76,1996.38,0,hail,hatchback,clear,east,yes,moderate,3810.38
CLM01164,2025-09-08,2024-11-24,68,4,10512,41255.18,12064.97,3,collision,hatchback,clear,south,yes,moderate,11131.62
CLM01165,2025-09-18,2021-02-13,67,9,23082,45265.67,3329.84,0,vandalism,coupe,rain,west,yes,minor,3061.13
CLM01166,2026-07-16,2025-12-12,34,3,5686,39544.19,23474.74,0,glass,pickup,clear,east,yes,severe,19413.7
CLM01167,2026-09-14,2024-08-14,44,11,22389,29705.07,8528.12,0,collision,coupe,clear,north,no,moderate,9523.8
CLM01168,2025-12-14,2024-10-28,27,0,19369,41474.11,29063.83,0,collision,pickup,clear,west,yes,severe,23612.69
CLM01169,2024-10-02,2023-09-16,65,2,8199,35564.08,8476.8,0,collision,coupe,rain,north,no,moderate,7480.62
CLM01170,2024-11-30,2023-10-17,33,0,4791,21328.14,1858.05,1,collision,pickup,fog,south,no,minor,1280.46
CLM01171,2025-06-28,2025-02-23,68,6,23128,60756.18,31263.86,0,collision,hatchback,rain,north,no,severe,26636.71
CLM01172,2025-06-27,2020-07-07,71,16,9515,27724.81,7920.26,1,collision,coupe,clear,west,no,moderate,7000.44
CLM01173,2025-12-19,2025-07-10,61,3,16431,44636.28,13917.55,0,collision,coupe,clear,north,no,moderate,11250.6
CLM01174,2026-05-24,2023-12-12,38,20,4639,6000.0,600.74,0,collision,sedan,clear,west,yes,minor,915.6
CLM01175,2026-09-24,2022-06-30,78,5,29015,52147.06,3313.43,0,collision,coupe,rain,north,yes,minor,3448.39
CLM01176,2026-01-26,2020-02-08,61,0,17820,55031.46,11315.27,1,vandalism,pickup,storm,east,no,moderate,8276.23
CLM01177,2026-02-11,2020-12-17,58,7,28153,33447.51,3085.09,1,collision,coupe,rain,north,yes,minor,1158.02
CLM01178,2026-05-14,2025-06-21,71,15,7329,41381.57,11158.6,0,glass,pickup,clear,south,yes,moderate,9441.9
CLM01179,2026-03-25,2020-04-12,73,2,8556,41377.73,4114.81,0,collision,coupe,rain,east,yes,minor,1849.11
CLM01180,2026-09-12,2022-09-25,22,1,19481,23358.25,5187.17,0,collision,suv,storm,east,yes,moderate,6288.9
CLM01181,2025-07-14,2024-05-21,73,17,19321,41206.83,3984.91,2,collision,sedan,rain,west,yes,minor,5787.66
CLM01182,2024-11-22,2022-02-23,66,12,24354,20870.54,1853.75,0,hail,sedan,rain,west,yes,minor,1820.48
CLM01183,2025-05-14,2019-11-01,31,7,28058,23868.65,1560.58,1,collision,suv,clear,east,yes,minor,3603.11
CLM01184,2025-11-07,2023-06-09,37,15,25191,49904.15,21296.25,0,collision,suv,rain,south,yes,severe,18709.04
CLM01185,2025-11-28,2024-09-26,65,17,6786,47619.87,13353.02,0,collision,hatchback,clear,south,yes,moderate,12913.42
CLM01186,2026-02-18,2020-11-08,31,7,11357,22404.37,9797.26,1,glass,sedan,clear,west,no,severe,9427.81
CLM01187,2026-06-19,2020-09-21,46,11,27674,21996.35,6470.21,0,collision,sedan,rain,east,yes,moderate,3993.67
CLM01188,2025-07-21,2019-09-04,61,0,17822,23316.05,6028.7,0,collision,hatchback,fog,west,no,moderate,5960.75
CLM01189,2025-08-13,2019-11-10,58,6,26410,43989.59,10844.76,3,glass,pickup,storm,south,yes,moderate,11006.19
CLM01190,2026-09-25,2021-06-19,75,12,18201,18000.23,8566.75,0,collision,sedan,clear,south,yes,severe,10103.03
CLM01191,2025-12-01,2023-02-19,25,4,4343,38350.69,27216.3,0,collision,hatchback,clear,west,no,severe,22480.41
CLM01192,2026-03-12,2024-12-20,36,20,15768,44202.7,12523.73,0,vandalism,pickup,clear,east,no,moderate,10545.99
CLM01193,2026-05-29,2022-08-29,80,20,25266,31676.32,2956.89,0,collision,pickup,storm,north,no,minor,4100.09
CLM01194,2025-05-05,2023-12-13,53,5,20688,48150.96,13978.54,1,collision,sedan,rain,east,no,moderate,11858.93
CLM01195,2025-09-12,2022-10-22,33,8,6585,28435.35,2389.5,0,collision,pickup,fog,north,no,minor,5346.83
CLM01196,2025-06-25,2021-07-03,36,3,8672,29792.17,3012.15,3,collision,sedan,clear,west,no,minor,3191.33
CLM01197,2025-04-28,2019-08-14,39,10,26068,18341.31,4815.94,1,glass,suv,clear,north,no,moderate,5599.99
CLM01198,2024-10-14,2022-12-27,52,2,29440,48257.66,26860.94,3,hail,suv,rain,west,no,severe,23691.81
CLM01199,2025-02-21,2023-07-26,35,8,23328,21502.19,1486.62,2,theft,coupe,clear,west,yes,minor,3030.54
CLM01200,2025-07-05,2021-01-23,57,11,5648,38246.58,2659.03,3,collision,sedan,fog,north,yes,minor,3030.06
